taxon_name,gbif_id,decimal_latitude,decimal_longitude
Carex_caryophyllea,2265604977,46.70028,15.76361
Carex_caryophyllea,2265627660,48.27389,16.38194
Carex_caryophyllea,2273777175,48.12639,16.25306
Carex_caryophyllea,2265627654,47.96778,16.15889
Carex_caryophyllea,2265604975,46.91972,15.1925
Carex_caryophyllea,2237781161,47.11222,15.39444
Carex_caryophyllea,1990838287,47.1225,15.48011
Carex_caryophyllea,2236983407,47.97833,16.03
Carex_caryophyllea,2237797726,47.97889,15.92389
Carex_caryophyllea,1935669755,47.09182,15.3008
Carex_caryophyllea,1881893366,58.675534,24.611831
Carex_caryophyllea,1978364729,56.508056,40.376389
Carex_caryophyllea,1702176037,59.351,11.7429
Carex_caryophyllea,1999627047,60.280841,19.832599
Carex_caryophyllea,1999627081,60.314179,19.832524
Carex_caryophyllea,1999626994,60.2538,19.932821
Carex_caryophyllea,1935669700,47.09414,15.29805
Carex_caryophyllea,1978364666,53.925556,37.278056
Carex_caryophyllea,1438589943,57.73003,27.36168
Carex_caryophyllea,1584379477,47.90389,16.17111
Carex_caryophyllea,2244176471,51.301666,11.14
Carex_caryophyllea,1838998459,39.246941,20.478889
Carex_caryophyllea,2243131437,39.256944,141.651111
Carex_caryophyllea,1584379567,47.98556,15.90361
Carex_caryophyllea,1830976222,48.26194,14.41361
Carex_caryophyllea,1831519601,40.53111,44.65833
Carex_caryophyllea,1801063069,50.93768,39.32417
Carex_caryophyllea,1829936387,37.270155,138.375523
Carex_caryophyllea,2244525706,43.04931,145.1027
Carex_caryophyllea,1881891001,57.79114,23.23881
Carex_caryophyllea,2313275513,47.52,12.96
Carex_caryophyllea,1935668566,47.10889,15.47278
Carex_caryophyllea,1838996800,41.146389,25.51778
Carex_caryophyllea,1697349667,55.657099,41.724423
Carex_caryophyllea,1801081079,44.435217,33.760497
Carex_caryophyllea,1838996960,41.20583,24.823059
Carex_caryophyllea,1838996802,41.271671,24.85639
Carex_caryophyllea,1838996984,41.28944,24.026939
Carex_caryophyllea,1838996808,41.272221,24.659719
Carex_caryophyllea,1838997000,41.12944,24.646391
Carex_caryophyllea,1230544960,40.35444,-5.69483
Carex_caryophyllea,1838997018,41.194721,25.426941
Carex_caryophyllea,1697379593,54.516667,36.216667
Carex_caryophyllea,1838996998,41.14444,24.729441
Carex_caryophyllea,1838996789,41.33083,24.46583
Carex_caryophyllea,1838996974,41.352501,24.54389
Carex_caryophyllea,1838996772,41.322781,24.893061
Carex_caryophyllea,1828740389,36.30284,137.89966
Carex_caryophyllea,1838996833,41.414719,24.12944
Carex_caryophyllea,1838996717,41.051941,24.60722
Carex_caryophyllea,1838996897,41.350281,24.469721
Carex_caryophyllea,1828740532,36.40219,138.24918
Carex_caryophyllea,1881891286,58.67526,24.60073
Carex_caryophyllea,1702249838,59.0847,10.4658
Carex_caryophyllea,1702507925,42.7,-1.14
Carex_caryophyllea,1697349709,56.432222,40.5225
Carex_caryophyllea,2268214131,55.495,37.862
Carex_caryophyllea,1697349717,56.428333,40.526111
Carex_caryophyllea,2273633390,58.67635,16.17552
Carex_caryophyllea,1801063040,56.346389,41.741944
Carex_caryophyllea,1701700806,59.3294,11.5538
Carex_caryophyllea,1830975603,48.18056,16.48889
Carex_caryophyllea,1702319890,59.0745,10.4631
Carex_caryophyllea,2243061453,43.132,141.183
Carex_caryophyllea,1095923710,59.48,17
Carex_caryophyllea,1989729552,48.28361,16.83222
Carex_caryophyllea,1705460680,56.828927,16.657202
Carex_caryophyllea,1702391211,59.0661,10.3943
Carex_caryophyllea,1095923681,56,15
Carex_caryophyllea,1658402959,58.99528,24.90809
Carex_caryophyllea,1144637512,41.86667,9.15
Carex_caryophyllea,1998456001,42.127653,-71.211047
Carex_caryophyllea,1658402896,57.54583,26.57845
Carex_caryophyllea,1135439324,48.00444,16.2775
Carex_caryophyllea,1842866816,42.3,1
Carex_caryophyllea,1935668053,47.12954,15.40884
Carex_caryophyllea,1935668008,47.12967,15.40883
Carex_caryophyllea,1584379429,48.26861,15.44725
Carex_caryophyllea,1230544951,48.39594,15.55642
Carex_caryophyllea,1702378059,56.5737,16.5796
Carex_caryophyllea,2288396829,52.379917,4.5945
Carex_caryophyllea,1702377993,56.7748,16.6241
Carex_caryophyllea,1705445982,56.800591,16.751234
Carex_caryophyllea,2244454843,36.52972,138.32292
Carex_caryophyllea,1946865661,48.22,12.91
Carex_caryophyllea,2287444598,50.809,5.969667
Carex_caryophyllea,1705445959,56.797722,16.78329
Carex_caryophyllea,2313274004,47.57,13.04
Carex_caryophyllea,1935667894,47.0793,15.38794
Carex_caryophyllea,1935667936,47.10666,15.49003
Carex_caryophyllea,2289214634,52.209167,7.955
Carex_caryophyllea,1342279516,55.794984,9.26188
Carex_caryophyllea,1095918014,59.23,17.87
Carex_caryophyllea,1935667997,47.09079,15.38486
Carex_caryophyllea,1838982206,39.901939,21.308889
Carex_caryophyllea,1702222964,59.0199,10.0696
Carex_caryophyllea,1838981979,39.856392,21.316111
Carex_caryophyllea,1838982238,39.93861,21.246111
Carex_caryophyllea,1838982210,39.950001,21.243059
Carex_caryophyllea,1881107456,48.84,10.77
Carex_caryophyllea,1701887436,59.221,10.5036
Carex_caryophyllea,1702318786,59.1968,10.5093
Carex_caryophyllea,1148362906,58.96606,23.90867
Carex_caryophyllea,1702377313,56.5866,16.5525
Carex_caryophyllea,1999627053,60.458212,22.259158
Carex_caryophyllea,1838982174,40.443329,21.514441
Carex_caryophyllea,1838982144,40.299999,21.235001
Carex_caryophyllea,1838982126,40.442219,21.50528
Carex_caryophyllea,1702318625,58.0926,6.6936
Carex_caryophyllea,1829635505,36.336389,138.596111
Carex_caryophyllea,1935667972,47.02265,15.39324
Carex_caryophyllea,1828826317,43.04,145.08
Carex_caryophyllea,2244448488,42.99596,144.46799
Carex_caryophyllea,1829904806,36.089658,138.169964
Carex_caryophyllea,2244454685,36.36008,138.33034
Carex_caryophyllea,2243060897,43.192,140.878
Carex_caryophyllea,1342279520,55.804002,9.245987
Carex_caryophyllea,1705428105,56.833329,16.616494
Carex_caryophyllea,2313473145,48.13,11.68
Carex_caryophyllea,1935667836,47.01936,15.39631
Carex_caryophyllea,1935667837,47.08055,15.38727
Carex_caryophyllea,1935667865,47.11407,15.44156
Carex_caryophyllea,1600487004,60.230286,19.914358
Carex_caryophyllea,2287443093,52.457417,6.08225
Carex_caryophyllea,1701845317,59.0875,10.9013
Carex_caryophyllea,1935667839,47.11575,15.45682
Carex_caryophyllea,1705469421,56.700495,16.53861
Carex_caryophyllea,1935667818,47.03497,15.37329
Carex_caryophyllea,1828738324,36.64853,138.19467
Carex_caryophyllea,932708595,42.25357,-6.87987
Carex_caryophyllea,1935667833,47.10901,15.44911
Carex_caryophyllea,1881109910,48.81,10.98
Carex_caryophyllea,1705438551,56.97459,16.879102
Carex_caryophyllea,2268221346,54.3125,38.507222
Carex_caryophyllea,2289964472,50.82735,5.91215
Carex_caryophyllea,911932137,50.20245,8.465867
Carex_caryophyllea,1230537604,40.14917,15.83889
Carex_caryophyllea,788845132,56.27939,15.81135
Carex_caryophyllea,1230537683,41.42694,14.43639
Carex_caryophyllea,1638387153,43.09833,19.05056
Carex_caryophyllea,2306168567,51.78,-3.54
Carex_caryophyllea,860326512,42.1175,2.0353
Carex_caryophyllea,1230540819,49.65772,88.22633
Carex_caryophyllea,2243061167,43.177,140.939
Carex_caryophyllea,1230540849,49.26915,87.98382
Carex_caryophyllea,1697415610,56.130556,40.3
Carex_caryophyllea,2268220815,54.849167,37.5825
Carex_caryophyllea,1701510684,41.9775,20.11528
Carex_caryophyllea,1342279423,56.720019,8.598373
Carex_caryophyllea,1342279488,56.810504,8.990484
Carex_caryophyllea,2243086924,38.986964,139.843597
Carex_caryophyllea,1701858597,59.0316,10.0619
Carex_caryophyllea,1342279414,56.575419,8.38831
Carex_caryophyllea,2243086849,38.913271,139.806792
Carex_caryophyllea,2243091688,38.65026,140.54203
Carex_caryophyllea,1829867312,45.251111,142.256111
Carex_caryophyllea,1702170417,59.8947,10.7663
Carex_caryophyllea,1702242403,59.2201,10.5215
Carex_caryophyllea,1701621164,58.9881,9.7504
Carex_caryophyllea,675078714,59.946125,10.752219
Carex_caryophyllea,1829867172,45.249759,142.227216
Carex_caryophyllea,1829867167,45.268889,142.239444
Carex_caryophyllea,1851578200,41.81,-8.69
Carex_caryophyllea,1701646842,59.0673,10.4519
Carex_caryophyllea,1829867029,45.193848,142.238916
Carex_caryophyllea,1697199723,52.6,158.4
Carex_caryophyllea,1828738404,36.03875,138.11298
Carex_caryophyllea,1697199726,52.65,158.383333
Carex_caryophyllea,1838982087,41.365559,24.22389
Carex_caryophyllea,1838982078,41.251671,24.20639
Carex_caryophyllea,1838982282,41.35833,24.191111
Carex_caryophyllea,1838982287,41.26667,24.20083
Carex_caryophyllea,1838982248,41.072498,23.88056
Carex_caryophyllea,1838982256,41.303059,24.221109
Carex_caryophyllea,1838982208,41.234718,24.200001
Carex_caryophyllea,1838982222,41.213612,24.42528
Carex_caryophyllea,1701835715,59.0854,10.4405
Carex_caryophyllea,1699971679,43.39917,10.62003
Carex_caryophyllea,1342279452,56.693669,8.892549
Carex_caryophyllea,1342279467,55.929979,8.878671
Carex_caryophyllea,1697415554,56.186111,40.425
Carex_caryophyllea,1705447297,56.373056,16.457952
Carex_caryophyllea,1342279748,55.002551,10.632527
Carex_caryophyllea,1342279909,55.473337,12.095592
Carex_caryophyllea,1702183580,59.0916,10.446
Carex_caryophyllea,2313311141,47.72,12.13
Carex_caryophyllea,1702183196,59.0798,10.4542
Carex_caryophyllea,2313311020,48.17,11.42
Carex_caryophyllea,1699971691,43.413627,10.603049
Carex_caryophyllea,1342279625,55.891247,9.83814
Carex_caryophyllea,1702183512,59.0702,10.4294
Carex_caryophyllea,1828479874,43.123,141.035
Carex_caryophyllea,1702110328,59.0782,10.9494
Carex_caryophyllea,1702183161,59.2202,10.5092
Carex_caryophyllea,1702183670,59.2482,10.5017
Carex_caryophyllea,1342279463,56.334155,8.780348
Carex_caryophyllea,2268220691,55.888495,37.37566
Carex_caryophyllea,2313315968,48.16,11.49
Carex_caryophyllea,1342279967,55.130359,14.912643
Carex_caryophyllea,1829856130,43.363986,145.755269
Carex_caryophyllea,214512235,52.465557,13.555834
Carex_caryophyllea,1935667009,47.21578,15.80881
Carex_caryophyllea,1697769963,43.974719,39.568977
Carex_caryophyllea,1342279869,55.768325,12.02584
Carex_caryophyllea,1342279572,55.901925,9.534489
Carex_caryophyllea,1342279469,56.971794,8.677912
Carex_caryophyllea,1342279561,55.218187,9.698192
Carex_caryophyllea,1702105746,59.0534,10.9238
Carex_caryophyllea,1702239991,59.0765,10.4287
Carex_caryophyllea,1701867824,59.0531,10.9217
Carex_caryophyllea,1999649181,60.456671,22.241179
Carex_caryophyllea,1342279570,56.853835,9.629967
Carex_caryophyllea,1702105725,59.3017,10.6617
Carex_caryophyllea,1946865606,48.28,13.12
Carex_caryophyllea,1838982053,39.935001,22.43611
Carex_caryophyllea,1702037287,59.893,10.5459
Carex_caryophyllea,1342279633,56.600239,9.951497
Carex_caryophyllea,1342279562,55.182588,9.634752
Carex_caryophyllea,1342279879,55.309526,12.013017
Carex_caryophyllea,1342279734,55.343237,10.693821
Carex_caryophyllea,1701857971,59.0531,10.9204
Carex_caryophyllea,1830125197,43.05113,144.84845
Carex_caryophyllea,1705402340,56.804149,16.767398
Carex_caryophyllea,1697415600,56.377778,40.525
Carex_caryophyllea,1342279686,56.994387,10.09321
Carex_caryophyllea,2288374896,45.9075,7.493167
Carex_caryophyllea,1342279862,55.750763,12.043117
Carex_caryophyllea,1342279849,55.616918,11.912625
Carex_caryophyllea,864886033,52.406113,14.532499
Carex_caryophyllea,1342279710,56.363956,10.253165
Carex_caryophyllea,1702026076,59.8672,10.7706
Carex_caryophyllea,1342279612,56.672346,9.920675
Carex_caryophyllea,1342279722,56.354974,10.25287
Carex_caryophyllea,1697415528,56.172222,40.272222
Carex_caryophyllea,1342279445,55.965618,8.702344
Carex_caryophyllea,1829622428,36.530833,138.618333
Carex_caryophyllea,788499881,55.90949,14.17819
Carex_caryophyllea,1054075848,59.882952,10.541505
Carex_caryophyllea,1342279764,54.761864,11.089127
Carex_caryophyllea,1697770011,43.427243,42.154627
Carex_caryophyllea,1230535304,48.615,20.98417
Carex_caryophyllea,1697769941,44.043304,42.033176
Carex_caryophyllea,1144637486,42.81667,9.4
Carex_caryophyllea,1342279433,55.965579,8.686324
Carex_caryophyllea,1701647154,59.0047,9.7546
Carex_caryophyllea,788605392,56.286389,10.548611
Carex_caryophyllea,1342279494,56.729651,9.006848
Carex_caryophyllea,1342279750,56.154299,10.520029
Carex_caryophyllea,1342279534,54.958715,9.459434
Carex_caryophyllea,1851576967,40.46,-1.57
Carex_caryophyllea,1935664692,47.53017,15.03736
Carex_caryophyllea,1851321783,42.32061,-6.73079
Carex_caryophyllea,895212415,40.476,-1.614
Carex_caryophyllea,1342279450,56.351913,8.683158
Carex_caryophyllea,1702238387,59.8953,10.7606
Carex_caryophyllea,1851326128,43.21,-4.693
Carex_caryophyllea,1838982351,40.498058,22.15583
Carex_caryophyllea,1838982341,41.200829,22.89222
Carex_caryophyllea,1838982342,40.950279,23.04306
Carex_caryophyllea,1935664444,46.89306,15.90056
Carex_caryophyllea,1838982338,41.22361,22.93083
Carex_caryophyllea,1212065353,41.095278,22.902222
Carex_caryophyllea,1212065356,40.498056,22.155833
Carex_caryophyllea,1212065379,41.197222,23.0875
Carex_caryophyllea,1212065347,40.950278,23.043056
Carex_caryophyllea,1838982337,41.114719,22.94278
Carex_caryophyllea,895198003,40.439,-1.544
Carex_caryophyllea,1212065352,41.200833,22.892222
Carex_caryophyllea,1212065363,41.223611,22.930833
Carex_caryophyllea,1212065325,41.114722,22.942778
Carex_caryophyllea,1838982329,41.19722,23.0875
Carex_caryophyllea,1838982340,41.09528,22.90222
Carex_caryophyllea,699273398,42.16111,-71.50916
Carex_caryophyllea,1702781990,47.7533,15.8483
Carex_caryophyllea,1342279682,57.524859,10.042239
Carex_caryophyllea,1230535333,40.73167,45.3075
Carex_caryophyllea,1705367296,57.273252,16.458338
Carex_caryophyllea,1212065376,41.281944,23.775278
Carex_caryophyllea,1342279504,55.668951,9.356428
Carex_caryophyllea,1342279971,55.583976,12.642868
Carex_caryophyllea,1503344113,52.495833,13.254861
Carex_caryophyllea,1342279568,55.173602,9.634609
Carex_caryophyllea,1342279471,56.424171,8.925736
Carex_caryophyllea,1342279938,54.994682,12.396117
Carex_caryophyllea,1342279502,55.624193,9.292501
Carex_caryophyllea,1935669342,47.23105,14.58116
Carex_caryophyllea,1342279466,56.945179,8.858951
Carex_caryophyllea,1342279547,55.722908,9.340999
Carex_caryophyllea,1697769983,43.763687,41.905074
Carex_caryophyllea,1342279458,56.423968,8.763618
Carex_caryophyllea,1342279588,56.656121,9.642978
Carex_caryophyllea,1342279801,55.496333,11.682019
Carex_caryophyllea,1838982320,41.28194,23.77528
Carex_caryophyllea,1701803820,59.9127,10.6512
Carex_caryophyllea,1342279973,55.565097,12.596416
Carex_caryophyllea,2289268642,50.817167,5.682
Carex_caryophyllea,1935663264,47.11083,14.91611
Carex_caryophyllea,388801648,45.153889,142.366944
Carex_caryophyllea,1342279560,55.668319,9.531301
Carex_caryophyllea,388801649,43.074444,141.346389
Carex_caryophyllea,1702195851,59.1138,10.384
Carex_caryophyllea,1342279409,55.911538,8.638769
Carex_caryophyllea,1342279692,56.832569,10.10488
Carex_caryophyllea,1342279406,55.73158,8.560814
Carex_caryophyllea,899746699,48.4,9.5
Carex_caryophyllea,1342279590,56.916956,9.581754
Carex_caryophyllea,1342279685,56.237189,10.345829
Carex_caryophyllea,1342279425,56.486153,8.519656
Carex_caryophyllea,1702229383,59.0886,10.8892
Carex_caryophyllea,1999551826,60.415086,22.259995
Carex_caryophyllea,1342279420,56.486215,8.535894
Carex_caryophyllea,1342279459,56.99896,8.776443
Carex_caryophyllea,1342279529,57.061343,9.419122
Carex_caryophyllea,1342279584,56.987745,9.780334
Carex_caryophyllea,1342279545,57.052304,9.435505
Carex_caryophyllea,1831517431,42.16417,1.77583
Carex_caryophyllea,1342279444,56.791778,8.564866
Carex_caryophyllea,1702182815,59.5282,11.209
Carex_caryophyllea,1701410514,59.92224,10.50728
Carex_caryophyllea,1342279501,56.980865,9.286593
Carex_caryophyllea,1342279460,56.998988,8.792904
Carex_caryophyllea,1342279513,55.274027,9.132523
Carex_caryophyllea,1342279440,56.944801,8.661707
Carex_caryophyllea,1342279805,55.418358,11.9454
Carex_caryophyllea,1230531556,40.69028,44.86278
Carex_caryophyllea,1831517346,42.30722,1.91472
Carex_caryophyllea,1705377178,56.011245,14.460117
Carex_caryophyllea,1342279531,57.052245,9.451989
Carex_caryophyllea,1342279546,55.534025,9.402739
Carex_caryophyllea,1342279386,56.557025,8.307262
Carex_caryophyllea,1671649404,44.277362,9.816775
Carex_caryophyllea,1671649325,44.278526,9.808796
Carex_caryophyllea,1702188657,59.8421,10.6319
Carex_caryophyllea,1671649198,44.361642,9.670555
Carex_caryophyllea,1657178279,48.175,16.54167
Carex_caryophyllea,1851325174,42.45,-6.598
Carex_caryophyllea,2309000174,51.79,-3.97
Carex_caryophyllea,1342279882,55.184655,12.053798
Carex_caryophyllea,1936655474,42.099,-2.7836
Carex_caryophyllea,788525730,39.766667,21.15
Carex_caryophyllea,1829851996,35.961816,138.669391
Carex_caryophyllea,1342279544,56.61167,9.544469
Carex_caryophyllea,1829851924,35.812999,138.186239
Carex_caryophyllea,1342279718,56.606634,10.244897
Carex_caryophyllea,788537354,39.8,21.133333
Carex_caryophyllea,1829851158,35.885972,138.177667
Carex_caryophyllea,1829851564,39.820958,141.023269
Carex_caryophyllea,1936656745,40.5347,44.6667
Carex_caryophyllea,1851351013,42,-6.8
Carex_caryophyllea,1697415556,56.286111,39.927778
Carex_caryophyllea,1829423731,42.872246,143.205329
Carex_caryophyllea,1851361542,42.30217,-6.73927
Carex_caryophyllea,1936649273,42.5625,1.4622
Carex_caryophyllea,8505701,47.5684,2.42362
Carex_caryophyllea,1657173268,47.07278,14.36167
Carex_caryophyllea,1935660839,46.90222,15.31833
Carex_caryophyllea,1835652834,38.6495,140.5474
Carex_caryophyllea,1342279620,55.675516,9.849424
Carex_caryophyllea,1342279745,55.992232,10.545728
Carex_caryophyllea,1342279925,55.915665,12.174627
Carex_caryophyllea,1697415664,52.535835,42.654202
Carex_caryophyllea,1342279487,56.621831,9.055718
Carex_caryophyllea,1342279720,56.302171,10.138011
Carex_caryophyllea,1851318651,42.85974,-5.45564
Carex_caryophyllea,1851371080,43.013,-6.429
Carex_caryophyllea,1702187092,59.0557,10.9275
Carex_caryophyllea,1342279593,55.586094,9.784031
Carex_caryophyllea,1600487002,60.120852,19.923562
Carex_caryophyllea,1999551792,60.392837,23.050621
Carex_caryophyllea,230817111,51.771905,6.298664
Carex_caryophyllea,1851326486,42.44,-6.562
Carex_caryophyllea,1936644126,41.6042,24.4183
Carex_caryophyllea,1702186967,59.8762,10.7711
Carex_caryophyllea,1050632834,42.67,-2.46
Carex_caryophyllea,1050632816,42.68,-2.45
Carex_caryophyllea,1935660852,46.67083,15.49167
Carex_caryophyllea,1342279756,55.725381,10.981037
Carex_caryophyllea,1851390030,42.4615,-6.6617
Carex_caryophyllea,1702210933,59.8753,10.7711
Carex_caryophyllea,1342279483,56.630815,9.055732
Carex_caryophyllea,190734590,59.3459,11.7511
Carex_caryophyllea,1702088262,59.2841,10.4998
Carex_caryophyllea,1936625469,40.8242,-4.0686
Carex_caryophyllea,1144637488,42.55,9.08333
Carex_caryophyllea,1342279730,54.786542,10.654918
Carex_caryophyllea,788844815,55.47757,12.95899
Carex_caryophyllea,1342279477,56.684616,9.170076
Carex_caryophyllea,1342279579,55.61362,9.689323
Carex_caryophyllea,1342279485,55.300816,9.242867
Carex_caryophyllea,1851395448,42.251,-6.582
Carex_caryophyllea,1829861283,35.395791,135.594719
Carex_caryophyllea,1342279476,56.846437,9.023263
Carex_caryophyllea,1851381071,42.453,-6.768
Carex_caryophyllea,1342279506,56.675583,9.202674
Carex_caryophyllea,1144637500,42.36667,9.33333
Carex_caryophyllea,895189406,40.0167,9.3
Carex_caryophyllea,1697415564,53.916667,35.733333
Carex_caryophyllea,237337167,41.77,2.1
Carex_caryophyllea,1829621552,36.468333,138.440556
Carex_caryophyllea,1342279617,57.419099,9.756186
Carex_caryophyllea,1936626067,40.0239,9.305
Carex_caryophyllea,1148362885,59.388433,27.578417
Carex_caryophyllea,1342279384,56.557682,8.437404
Carex_caryophyllea,1851353339,43.013,6.429
Carex_caryophyllea,441713386,48.47,142.076667
Carex_caryophyllea,1342279399,56.512836,8.454319
Carex_caryophyllea,1851401616,42.93802,-5.61088
Carex_caryophyllea,31958399,42.31,1.97
Carex_caryophyllea,1230526790,40.45667,44.17444
Carex_caryophyllea,1851402921,43.003,-6.2695
Carex_caryophyllea,1851406147,43.00315,-5.48533
Carex_caryophyllea,1342279421,56.548841,8.470066
Carex_caryophyllea,1342279411,56.583883,8.29049
Carex_caryophyllea,1697415594,54.933333,35.016667
Carex_caryophyllea,1851330947,42.246,-6.327
Carex_caryophyllea,900314407,58.1083,6.7165
Carex_caryophyllea,2269049221,44.150766,11.317978
Carex_caryophyllea,1851322737,42.5941,-6.3789
Carex_caryophyllea,1851346277,42.272,-6.302
Carex_caryophyllea,1342279767,55.735864,10.885996
Carex_caryophyllea,1851381744,42.7008,-6.5197
Carex_caryophyllea,1705427323,57.584919,16.733074
Carex_caryophyllea,1829622209,36.518889,138.580278
Carex_caryophyllea,893460391,40.583328,44.966671
Carex_caryophyllea,893460500,40.533329,44.666672
Carex_caryophyllea,388801620,42.993889,144.995278
Carex_caryophyllea,211622055,43.240002,-5.34
Carex_caryophyllea,1342279523,55.497735,9.497345
Carex_caryophyllea,1230526447,40.58444,44.96861
Carex_caryophyllea,1829621461,36.453611,138.6525
Carex_caryophyllea,1230526437,40.53389,44.67361
Carex_caryophyllea,1702206263,59.8721,10.7772
Carex_caryophyllea,893460444,40.433331,44.950001
Carex_caryophyllea,1230526352,40.44389,44.95028
Carex_caryophyllea,388801622,43.123121,145.111532
Carex_caryophyllea,1851363274,43.0078,-6.1344
Carex_caryophyllea,1851385275,42.877,-6.374
Carex_caryophyllea,786104972,47.2,13
Carex_caryophyllea,1851377181,42.8831,-6.2981
Carex_caryophyllea,1837462619,44.095082,7.871543
Carex_caryophyllea,1936622467,40.8611,-2.0283
Carex_caryophyllea,1935660716,47.05722,16.09333
Carex_caryophyllea,1999627089,60.637563,21.881245
Carex_caryophyllea,2269045490,44.13416,11.29431
Carex_caryophyllea,20623216,59.8753,10.7729
Carex_caryophyllea,1829852716,40.041359,141.332512
Carex_caryophyllea,1999627059,60.638388,21.879283
Carex_caryophyllea,1829853652,40.078699,141.518276
Carex_caryophyllea,1701412635,59.8822,10.7232
Carex_caryophyllea,788844632,55.59361,13.42819
Carex_caryophyllea,1829853692,37.347529,140.573902
Carex_caryophyllea,1697415583,56.300926,40.52656
Carex_caryophyllea,1702026776,60.03967,10.29662
Carex_caryophyllea,1936621734,40.8319,-2.2221
Carex_caryophyllea,1702202184,59.8716,10.7137
Carex_caryophyllea,786104976,49.2,18.7
Carex_caryophyllea,1702202137,59.8898,10.6914
Carex_caryophyllea,1999649093,60.464666,22.263678
Carex_caryophyllea,1701842723,59.864,10.7455
Carex_caryophyllea,1701842934,59.8957,10.7257
Carex_caryophyllea,1702201782,59.4528,10.4331
Carex_caryophyllea,1342279709,55.103173,10.495553
Carex_caryophyllea,788549930,40.883333,23.066667
Carex_caryophyllea,788549870,40.983333,23.2
Carex_caryophyllea,1342279799,55.835643,11.353958
Carex_caryophyllea,1050628169,41.81,-1.77
Carex_caryophyllea,1050626585,41.79,-1.85
Carex_caryophyllea,1148362877,58.911667,24.431111
Carex_caryophyllea,1697415560,55.366667,31.95
Carex_caryophyllea,788558988,40.966667,25.816667
Carex_caryophyllea,441983214,47.25,11.333333
Carex_caryophyllea,788558928,41.15,24.616667
Carex_caryophyllea,1701839323,59.617,11.5375
Carex_caryophyllea,1936569919,37.933333,14.7
Carex_caryophyllea,1702191612,59.3233,11.5823
Carex_caryophyllea,1851346416,42.759,-6.305
Carex_caryophyllea,388801605,42.644729,141.765188
Carex_caryophyllea,1701857409,59.2018,10.5145
Carex_caryophyllea,1342279691,56.392576,10.075908
Carex_caryophyllea,1563863563,55.45001,13.75663
Carex_caryophyllea,1829850632,39.814777,141.34221
Carex_caryophyllea,1702023935,59.9324,10.5486
Carex_caryophyllea,1342279702,56.121751,10.213108
Carex_caryophyllea,2270292610,42.39389,2.08028
Carex_caryophyllea,623661087,46.542883,150.906267
Carex_caryophyllea,1638385110,47.36111,15.09375
Carex_caryophyllea,1701801721,59.8728,10.7236
Carex_caryophyllea,858322719,54.0485,13.415
Carex_caryophyllea,1702178328,59.0086,10.1221
Carex_caryophyllea,1701829257,59.3514,11.7445
Carex_caryophyllea,1701839749,59.0563,10.9187
Carex_caryophyllea,788863937,55.99384,13.7515
Carex_caryophyllea,1702178228,59.4305,10.4974
Carex_caryophyllea,1999551810,60.456256,22.242151
Carex_caryophyllea,1342279687,56.930137,10.239218
Carex_caryophyllea,788844663,56.01231,13.5244
Carex_caryophyllea,388801589,42.551163,142.860379
Carex_caryophyllea,1702178260,58.9641,9.9624
Carex_caryophyllea,788874837,55.73292,14.0757
Carex_caryophyllea,1638384872,46.82778,15.91389
Carex_caryophyllea,1050624050,41.77,-1.81
Carex_caryophyllea,1697415541,55.500473,31.932782
Carex_caryophyllea,1999649167,60.481291,23.00344
Carex_caryophyllea,1148497994,58.91389,25.03333
Carex_caryophyllea,1851354982,42.781,-6.121
Carex_caryophyllea,788844604,55.761,13.74146
Carex_caryophyllea,788879150,56.25303,14.14104
Carex_caryophyllea,2287439335,45.783333,14.483333
Carex_caryophyllea,1342279528,56.49521,9.461588
Carex_caryophyllea,788525788,40.666667,21.916667
Carex_caryophyllea,1148362838,59.341944,23.891111
Carex_caryophyllea,1701511365,48.18222,16.24639
Carex_caryophyllea,1701511292,48.17833,16.21028
Carex_caryophyllea,1702163031,59.3319,11.5566
Carex_caryophyllea,230816786,51.72765,5.756293
Carex_caryophyllea,788528759,40.783333,21.283333
Carex_caryophyllea,1342279563,56.476533,9.623706
Carex_caryophyllea,788529048,40.883333,21.783333
Carex_caryophyllea,1342279533,55.416594,9.559513
Carex_caryophyllea,296435399,47.0276,9.95989
Carex_caryophyllea,1701511224,48.1875,16.21
Carex_caryophyllea,1702023743,59.8666,10.7527
Carex_caryophyllea,788537296,40.633333,21.45
Carex_caryophyllea,1881113347,48.77,10.7
Carex_caryophyllea,1881107812,48.81,10.76
Carex_caryophyllea,1881110652,48.79,10.51
Carex_caryophyllea,1881107572,48.81,10.72
Carex_caryophyllea,1829475595,40.138866,139.99798
Carex_caryophyllea,1342279954,55.789532,12.582606
Carex_caryophyllea,1697415562,54.513843,36.127434
Carex_caryophyllea,1342279816,54.712264,11.769736
Carex_caryophyllea,1705353676,57.66649,14.989204
Carex_caryophyllea,788844574,56.32204,14.12996
Carex_caryophyllea,1936217648,41.37431,-7.80394
Carex_caryophyllea,2268221733,55.559998,37.635598
Carex_caryophyllea,1701975983,58.1139,6.6518
Carex_caryophyllea,1851348548,43.037,-4.786
Carex_caryophyllea,1851371175,43.047,-4.762
Carex_caryophyllea,991794409,53.2485,11.4153
Carex_caryophyllea,1701828952,59.6179,11.5375
Carex_caryophyllea,1702149512,59.8937,10.5951
Carex_caryophyllea,1851406268,42.947,-4.808
Carex_caryophyllea,1340036929,39.15,21.65
Carex_caryophyllea,1697415700,53.455003,57.769382
Carex_caryophyllea,1702149312,58.9897,9.7474
Carex_caryophyllea,1851377135,42.936,-4.93
Carex_caryophyllea,1697415765,53.438337,57.738857
Carex_caryophyllea,1697415778,53.459075,57.815341
Carex_caryophyllea,1851395725,43.03,-5.191
Carex_caryophyllea,1851326288,43.039,-5.191
Carex_caryophyllea,1851321921,43.039,-5.204
Carex_caryophyllea,1697415739,53.350969,57.777251
Carex_caryophyllea,1230542057,48.59694,20.68361
Carex_caryophyllea,1851389991,43.024,-5.068
Carex_caryophyllea,1702245260,59.0881,10.8585
Carex_caryophyllea,1935669553,47.30989,14.91797
Carex_caryophyllea,1851385252,43.025,-5.019
Carex_caryophyllea,788881092,55.89387,14.15167
Carex_caryophyllea,788876247,55.89395,14.15806
Carex_caryophyllea,1701986348,60.0669,10.28
Carex_caryophyllea,1701989402,60.1049,11.2619
Carex_caryophyllea,1851369811,42.816,-5.073
Carex_caryophyllea,1851319115,42.826,-5.061
Carex_caryophyllea,1342279922,55.548432,12.232761
Carex_caryophyllea,1829459550,40.25602,140.02864
Carex_caryophyllea,1701986612,60.0776,10.2849
Carex_caryophyllea,1851368353,42.817,-5.061
Carex_caryophyllea,1851396372,43.022,-5.154
Carex_caryophyllea,1702023594,59.8952,10.7614
Carex_caryophyllea,1851357535,42.6481,-5.3318
Carex_caryophyllea,1851370717,42.997,-5.067
Carex_caryophyllea,1702023849,58.9926,10.0484
Carex_caryophyllea,1701986412,59.9312,10.6899
Carex_caryophyllea,1050599448,42.67,0.15
Carex_caryophyllea,1701511411,48.19306,16.23583
Carex_caryophyllea,296435234,47.045,12.497
Carex_caryophyllea,1851380739,43.066,-5.229
Carex_caryophyllea,1148362853,58.995278,23.147222
Carex_caryophyllea,1701987002,59.3585,11.3316
Carex_caryophyllea,1701511282,48.1675,16.20667
Carex_caryophyllea,1701511317,48.15278,16.22667
Carex_caryophyllea,1881113472,48.76,10.7
Carex_caryophyllea,1881111414,48.79,10.63
Carex_caryophyllea,8490817,46.5671,4.90051
Carex_caryophyllea,1657175419,46.86667,15.89167
Carex_caryophyllea,1881111202,48.78,10.59
Carex_caryophyllea,1851334018,43.074,-5.242
Carex_caryophyllea,1701840846,58.9908,10.0528
Carex_caryophyllea,1701982515,59.8932,10.5986
Carex_caryophyllea,1342279573,55.712874,9.611487
Carex_caryophyllea,1829476335,39.2384,139.9551
Carex_caryophyllea,1697415572,54.375373,36.188774
Carex_caryophyllea,1638390858,47.34139,15.41694
Carex_caryophyllea,1054010026,59.89545,10.600537
Carex_caryophyllea,788874868,55.88123,14.14741
Carex_caryophyllea,1699920493,59.10126,9.74684
Carex_caryophyllea,1701984333,60.0755,10.2695
Carex_caryophyllea,296435235,46.919812,12.244311
Carex_caryophyllea,1881117082,48.66,10.27
Carex_caryophyllea,1600487010,60.11326,19.90805
Carex_caryophyllea,1638390873,46.79778,14.94333
Carex_caryophyllea,865521109,59.0746,10.8657
Carex_caryophyllea,1638390832,46.94917,14.95
Carex_caryophyllea,1638390846,46.79333,14.94972
Carex_caryophyllea,1638390853,47.33472,15.55694
Carex_caryophyllea,1342279825,55.35778,11.846215
Carex_caryophyllea,1831518975,42.6,9.35972
Carex_caryophyllea,1702010450,58.9821,10.9538
Carex_caryophyllea,1829848454,36.101604,136.293679
Carex_caryophyllea,1702023211,59.8676,10.7724
Carex_caryophyllea,1701862327,59.4253,10.595
Carex_caryophyllea,1638384439,47.53611,14.15833
Carex_caryophyllea,1342279655,57.031139,9.995431
Carex_caryophyllea,858322677,53.7485,12.7484
Carex_caryophyllea,1701793587,59.9068,10.5849
Carex_caryophyllea,1701932678,59.4367,11.2788
Carex_caryophyllea,1342279715,56.903029,10.25474
Carex_caryophyllea,1701374267,59.8954,10.6041
Carex_caryophyllea,1701980919,59.9441,10.6556
Carex_caryophyllea,1701932562,59.8136,10.2747
Carex_caryophyllea,1999584919,60.466564,22.662137
Carex_caryophyllea,1702004208,59.9263,10.6037
Carex_caryophyllea,1705346724,57.28202,15.64273
Carex_caryophyllea,1851333830,42.512,-4.954
Carex_caryophyllea,1701724200,60.027,10.6732
Carex_caryophyllea,1702438332,58.8758,9.5463
Carex_caryophyllea,788881060,55.73407,14.09316
Carex_caryophyllea,1851396135,42.3171,-6.7338
Carex_caryophyllea,1936518781,42.636,0.3522
Carex_caryophyllea,1050581567,42.92,-0.61
Carex_caryophyllea,1701781936,58.113,6.6535
Carex_caryophyllea,211622116,43.380001,-5.89
Carex_caryophyllea,211622144,43.41,-6.15
Carex_caryophyllea,788854904,55.78942,13.51992
Carex_caryophyllea,211622128,43.299999,-5.53
Carex_caryophyllea,211622134,43.400002,-5.79
Carex_caryophyllea,1332526385,50.323626,9.762796
Carex_caryophyllea,1332526411,50.420551,9.934686
Carex_caryophyllea,1999584900,60.177335,21.506317
Carex_caryophyllea,1702399102,59.8824,10.5632
Carex_caryophyllea,1600486998,60.532471,22.698909
Carex_caryophyllea,1342279958,55.238149,14.865229
Carex_caryophyllea,1638384164,47.75694,16.78889
Carex_caryophyllea,1702430464,58.9806,10.035
Carex_caryophyllea,788527127,40.983333,23.266667
Carex_caryophyllea,1701921117,59.8223,10.3107
Carex_caryophyllea,788539892,40.45,23.516667
Carex_caryophyllea,1701932553,59.4366,10.6228
Carex_caryophyllea,1050647052,42.92,-0.7
Carex_caryophyllea,1657172598,47.30111,14.89583
Carex_caryophyllea,1702405971,59.8555,10.5619
Carex_caryophyllea,1050647065,42.72,-0.3
Carex_caryophyllea,1702430495,59.0561,10.9309
Carex_caryophyllea,1050579687,43.2,-1.09
Carex_caryophyllea,1702412398,59.8841,10.5356
Carex_caryophyllea,1701923810,59.8853,10.7233
Carex_caryophyllea,788529444,40.8,23.383333
Carex_caryophyllea,865514196,59.0775,10.8519
Carex_caryophyllea,788524244,40.566667,23.1
Carex_caryophyllea,1050580344,42.84,-0.74
Carex_caryophyllea,1701929466,58.1178,6.6685
Carex_caryophyllea,1828707371,40.40146,140.60986
Carex_caryophyllea,1702386553,58.9793,10.9614
Carex_caryophyllea,2313355856,48.27,11.62
Carex_caryophyllea,1600486997,60.411148,22.616826
Carex_caryophyllea,1342279878,55.404112,12.211265
Carex_caryophyllea,1935668169,47.54056,16.46
Carex_caryophyllea,1999551777,60.334773,22.006863
Carex_caryophyllea,1851326352,42.257,-6.436
Carex_caryophyllea,1701929979,59.0718,10.4512
Carex_caryophyllea,1144637491,42.33333,9.33333
Carex_caryophyllea,1999551765,60.323718,19.884027
Carex_caryophyllea,1342279916,56.008283,12.29622
Carex_caryophyllea,1701904258,59.8979,10.7606
Carex_caryophyllea,786104934,42.8,12.8
Carex_caryophyllea,1922121604,47.574139,11.540314
Carex_caryophyllea,1288098650,50.476679,10.076716
Carex_caryophyllea,1668935183,54.853,37.668
Carex_caryophyllea,1936410229,42.7552,0.8848
Carex_caryophyllea,1851390738,43.23,-4.582
Carex_caryophyllea,1697415708,51.425921,45.754333
Carex_caryophyllea,1999551747,60.54214,22.692149
Carex_caryophyllea,1600486999,60.232008,19.997324
Carex_caryophyllea,1702397128,59.8916,10.5458
Carex_caryophyllea,2288453066,52.516667,6.033333
Carex_caryophyllea,1231330176,53.7485,14.2482
Carex_caryophyllea,1342279906,55.403389,12.17972
Carex_caryophyllea,1999551801,60.395876,22.617066
Carex_caryophyllea,1999551762,60.413704,22.667372
Carex_caryophyllea,1600486989,60.422654,22.666179
Carex_caryophyllea,39629684,63.8519,-21.7634
Carex_caryophyllea,1705442248,56.459209,14.817408
Carex_caryophyllea,1702241315,59.8849,10.7233
Carex_caryophyllea,895283809,40.4,-0.35
Carex_caryophyllea,1936547890,43.0493,-4.7571
Carex_caryophyllea,1231330130,53.5485,13.2484
Carex_caryophyllea,1936454238,42.2809,-5.533
Carex_caryophyllea,1851340637,42.318,-6.737
Carex_caryophyllea,2313355671,48.19,11.38
Carex_caryophyllea,1702241428,59.0018,9.7572
Carex_caryophyllea,1342279813,55.399299,11.596462
Carex_caryophyllea,1702437913,59.3795,10.526
Carex_caryophyllea,1999551776,60.383694,23.152479
Carex_caryophyllea,1999551732,60.327111,23.184517
Carex_caryophyllea,1455437936,50.073161,4.585428
Carex_caryophyllea,1705357391,57.735624,14.462158
Carex_caryophyllea,1828707018,39.8867,139.84758
Carex_caryophyllea,1999584905,60.381259,23.069268
Carex_caryophyllea,1702010007,59.8889,10.7601
Carex_caryophyllea,1831082299,53.8485,11.9152
Carex_caryophyllea,1701795764,59.862,10.7587
Carex_caryophyllea,1999551663,60.357243,23.077606
Carex_caryophyllea,1999551804,60.355666,23.085051
Carex_caryophyllea,1701815857,59.8622,10.7408
Carex_caryophyllea,1999551861,60.412181,22.266782
Carex_caryophyllea,1999551814,60.393373,23.068715
Carex_caryophyllea,1999551793,60.381431,23.136409
Carex_caryophyllea,1999551764,60.369815,23.107847
Carex_caryophyllea,1054010047,58.973229,9.824006
Carex_caryophyllea,895268195,40.05,-1.07
Carex_caryophyllea,1999551730,60.416431,23.043213
Carex_caryophyllea,1144637489,42.35,9.35
Carex_caryophyllea,204423050,42.960999,-0.959
Carex_caryophyllea,318680370,59.436169,10.621445
Carex_caryophyllea,1936377826,42.7283,-4.5404
Carex_caryophyllea,1851340310,42.57,-5.25
Carex_caryophyllea,895303853,40.028,-0.65
Carex_caryophyllea,1831081616,53.6485,11.4153
Carex_caryophyllea,1705292748,57.588522,16.44056
Carex_caryophyllea,1702507882,42.64,-1.1
Carex_caryophyllea,296435256,47.584385,12.183457
Carex_caryophyllea,678311,56.65046,16.14861
Carex_caryophyllea,1946872663,50.17,9.99
Carex_caryophyllea,1702438154,59.8974,10.7632
Carex_caryophyllea,1050647004,43.22,-3.68
Carex_caryophyllea,1999551721,60.336013,22.003951
Carex_caryophyllea,1705337950,57.74057,14.12445
Carex_caryophyllea,895177014,40.48,-0.23
Carex_caryophyllea,1999551739,60.368839,23.105242
Carex_caryophyllea,1705343348,55.934179,13.773852
Carex_caryophyllea,1851321839,43.45,-6.1
Carex_caryophyllea,1999551779,60.331265,22.009214
Carex_caryophyllea,1999551797,60.456902,22.260261
Carex_caryophyllea,204423043,42.713001,-1.187
Carex_caryophyllea,1999551812,60.367102,23.107264
Carex_caryophyllea,1999551750,60.181021,21.508409
Carex_caryophyllea,1999551757,60.371001,23.117686
Carex_caryophyllea,1828706814,40.21439,140.78957
Carex_caryophyllea,1851403300,42.47,-6.63
Carex_caryophyllea,1999551712,60.372897,23.121089
Carex_caryophyllea,1999551711,60.39,23.06095
Carex_caryophyllea,1851358701,42.38,-6.51
Carex_caryophyllea,1705360162,57.055773,15.122969
Carex_caryophyllea,1999551807,60.335566,22.00402
Carex_caryophyllea,1332526435,50.674859,9.531446
Carex_caryophyllea,204422484,43.240002,-1.491
Carex_caryophyllea,1935662432,47.31583,15.40167
Carex_caryophyllea,1936361326,41.8194,-3.3625
Carex_caryophyllea,1851323967,42.87,-4.524
Carex_caryophyllea,895261820,40.23,-1.3
Carex_caryophyllea,1697415577,54.191269,35.979195
Carex_caryophyllea,1697415566,53.438908,37.14372
Carex_caryophyllea,1697415615,54.144556,35.842512
Carex_caryophyllea,296435379,47.244722,10.282222
Carex_caryophyllea,1701831107,59.3375,11.5659
Carex_caryophyllea,296435422,46.836777,12.781148
Carex_caryophyllea,30662036,37.375,-2.848
Carex_caryophyllea,1230532004,48.125,16.125
Carex_caryophyllea,1144637476,42.35,9.2
Carex_caryophyllea,1231330118,53.7485,13.5816
Carex_caryophyllea,1851323169,42.82,-6.25
Carex_caryophyllea,1935669549,46.66775,15.46813
Carex_caryophyllea,1828706686,39.71988,140.10292
Carex_caryophyllea,204422800,42.988998,-1.007
Carex_caryophyllea,1697415695,50.781116,40.002659
Carex_caryophyllea,1851381796,43.02,-5.02
Carex_caryophyllea,204401462,37.817,-2.949
Carex_caryophyllea,1697199772,44.8022,147.135994
Carex_caryophyllea,1946864635,50.13,10.59
Carex_caryophyllea,1936600527,42.4481,-3.7309
Carex_caryophyllea,1936557893,43.4857,-6.1201
Carex_caryophyllea,1050640036,43.33,-3.05
Carex_caryophyllea,1050639957,43.32,-3.05
Carex_caryophyllea,1831518029,48.62667,20.54361
Carex_caryophyllea,1697415693,55.556339,37.586341
Carex_caryophyllea,2313353923,48.07,11.51
Carex_caryophyllea,296435374,46.697778,13.68
Carex_caryophyllea,1455443076,50.342287,4.797394
Carex_caryophyllea,1936577553,40.1623,-5.0562
Carex_caryophyllea,1705316701,57.705972,16.274872
Carex_caryophyllea,1936578456,40.2035,-5.1174
Carex_caryophyllea,1513409230,57.32187,-2.32959
Carex_caryophyllea,1705343420,57.371554,15.502717
Carex_caryophyllea,1705343414,57.408524,15.575617
Carex_caryophyllea,1936415504,42.4847,-6.8722
Carex_caryophyllea,1936386117,42.4994,-0.7012
Carex_caryophyllea,204422802,42.941002,-1.4
Carex_caryophyllea,186796339,58.1088,6.7132
Carex_caryophyllea,1851377880,42.66,-5.26
Carex_caryophyllea,1999551740,60.176129,19.988484
Carex_caryophyllea,1999485962,60.658807,21.872369
Carex_caryophyllea,1999584913,60.658877,21.874189
Carex_caryophyllea,1828706606,43.80844,143.89445
Carex_caryophyllea,1050646844,42.95,-2.08
Carex_caryophyllea,899760627,42.1667,24.5
Carex_caryophyllea,1936386459,40.2062,-5.1163
Carex_caryophyllea,1936386471,42.2433,-2.9407
Carex_caryophyllea,204401239,37.934,-2.812
Carex_caryophyllea,1936386522,42.6046,0.5607
Carex_caryophyllea,204401238,37.808,-2.983
Carex_caryophyllea,1936385740,40.347,-5.7093
Carex_caryophyllea,1851402867,43.01,-5.52
Carex_caryophyllea,30662031,37.943,-2.801
Carex_caryophyllea,1936386591,42.602,0.439
Carex_caryophyllea,1936386198,42.8795,-0.7973
Carex_caryophyllea,1936386524,42.6118,0.9262
Carex_caryophyllea,1050639976,42.95,-0.82
Carex_caryophyllea,1828706234,39.88158,139.98653
Carex_caryophyllea,1999551774,60.420346,22.501962
Carex_caryophyllea,204422806,42.922001,-0.813
Carex_caryophyllea,296435257,47.46607,12.0474
Carex_caryophyllea,296435328,46.784309,12.591063
Carex_caryophyllea,1705327345,57.636863,14.989869
Carex_caryophyllea,1999551681,60.386982,22.57922
Carex_caryophyllea,1705287362,56.717929,16.344175
Carex_caryophyllea,204422799,42.966,-1.277
Carex_caryophyllea,1705316579,57.670119,16.257652
Carex_caryophyllea,1705446242,56.734512,13.453351
Carex_caryophyllea,1697415750,49.91793,24.008934
Carex_caryophyllea,1999551766,60.407857,22.667243
Carex_caryophyllea,1829456829,40.23675,140.85004
Carex_caryophyllea,1851383046,43.1,-5.4
Carex_caryophyllea,1600486988,60.389189,22.57801
Carex_caryophyllea,1600487009,60.381969,22.577175
Carex_caryophyllea,1600486991,60.421413,22.493632
Carex_caryophyllea,1600486992,60.387279,22.574638
Carex_caryophyllea,1705300399,56.820137,14.511493
Carex_caryophyllea,1513969163,57.32712,-3.02383
Carex_caryophyllea,1828706245,40.14448,140.86108
Carex_caryophyllea,204422803,43.019001,-1.19
Carex_caryophyllea,1936518964,43.0544,-5.4572
Carex_caryophyllea,1999551704,60.282608,20.128884
Carex_caryophyllea,1936386535,40.2522,-5.5174
Carex_caryophyllea,1705353418,57.961065,14.555099
Carex_caryophyllea,1851372538,43.02,-4.78
Carex_caryophyllea,1513446503,57.31448,-2.91556
Carex_caryophyllea,30661881,37.844,-2.937
Carex_caryophyllea,204422804,42.948002,-0.738
Carex_caryophyllea,1851376260,42.92,-5.39
Carex_caryophyllea,1936410519,41.2342,-3.2519
Carex_caryophyllea,1936410993,41.7871,-1.834
Carex_caryophyllea,1638385125,48.575,15.70833
Carex_caryophyllea,1936518948,42.7895,-5.2021
Carex_caryophyllea,1697199732,44.022911,145.676158
Carex_caryophyllea,1828706010,39.3858,140.04892
Carex_caryophyllea,1935669589,46.78408,15.22461
Carex_caryophyllea,1828705877,39.20285,139.90747
Carex_caryophyllea,1230543207,48.65389,20.86944
Carex_caryophyllea,1701513363,47.875,15.70833
Carex_caryophyllea,1230541542,48.65556,20.42417
Carex_caryophyllea,1999551782,60.453314,22.235301
Carex_caryophyllea,788875670,55.46112,13.00025
Carex_caryophyllea,1851367332,42.46,-6.02
Carex_caryophyllea,1851353146,42.83,-5.51
Carex_caryophyllea,1042853923,56.909,12.66711
Carex_caryophyllea,1851364165,42.65,-6.38
Carex_caryophyllea,1705319762,57.587867,15.052831
Carex_caryophyllea,1935662349,47.14278,15.30472
Carex_caryophyllea,1936394029,42.7819,-5.5686
Carex_caryophyllea,678301,57.464841,16.546082
Carex_caryophyllea,1999551714,60.505212,22.68977
Carex_caryophyllea,788875709,55.47687,12.95999
Carex_caryophyllea,1999551755,60.413811,22.274725
Carex_caryophyllea,1999551823,60.650692,21.871829
Carex_caryophyllea,1701801913,59.0094,9.7573
Carex_caryophyllea,1999551789,60.409211,22.271758
Carex_caryophyllea,1697199737,44.039417,145.800286
Carex_caryophyllea,1042989403,57.319,15.5851
Carex_caryophyllea,1936411192,41.3063,-3.2522
Carex_caryophyllea,186796347,58.2387,6.5958
Carex_caryophyllea,1705439086,57.361574,15.138531
Carex_caryophyllea,1697415714,51.561639,37.646761
Carex_caryophyllea,211621601,43.209999,-4.7
Carex_caryophyllea,1332526415,50.711523,9.553622
Carex_caryophyllea,1705263990,57.440824,18.150884
Carex_caryophyllea,1042989431,57.513,11.9792
Carex_caryophyllea,895164493,39.86,-0.72
Carex_caryophyllea,788872466,57.26753,12.12157
Carex_caryophyllea,1231330056,53.5485,13.5816
Carex_caryophyllea,1705439081,57.45033,15.04695
Carex_caryophyllea,1842894144,42.285,0.896
Carex_caryophyllea,1936547248,43.369,-4.4331
Carex_caryophyllea,381792508,40.52398,141.54514
Carex_caryophyllea,1936411271,41.766,-3.0133
Carex_caryophyllea,211621621,43.16,-4.81
Carex_caryophyllea,211621609,43.16,-4.76
Carex_caryophyllea,1936103823,40.7297,-3.2855
Carex_caryophyllea,1936406037,40.6941,-4.4334
Carex_caryophyllea,211621622,43.200001,-4.81
Carex_caryophyllea,1936411008,40.2321,-5.6107
Carex_caryophyllea,1936411189,41.766,-3.0254
Carex_caryophyllea,211621607,43.16,-4.86
Carex_caryophyllea,211621608,43.209999,-4.86
Carex_caryophyllea,1936088691,43.148,-4.7845
Carex_caryophyllea,1936411038,42.6636,0.0094
Carex_caryophyllea,1851345474,43,-6.24
Carex_caryophyllea,211621612,43.200001,-4.71
Carex_caryophyllea,1936386556,43.066,-4.8436
Carex_caryophyllea,1936410381,42.5901,-0.048
Carex_caryophyllea,1936410345,40.2666,-5.2593
Carex_caryophyllea,1936410518,40.387,-4.9817
Carex_caryophyllea,1050640145,43.02,-2.55
Carex_caryophyllea,1936547538,43.3126,-5.9608
Carex_caryophyllea,1805098815,42.334,-1.804
Carex_caryophyllea,1806557349,42.927648,-1.810162
Carex_caryophyllea,1705353434,55.677719,13.420322
Carex_caryophyllea,1828705712,40.14333,140.08917
Carex_caryophyllea,1999551728,60.497941,22.673427
Carex_caryophyllea,204422807,43.188,-1.726
Carex_caryophyllea,1946865016,50.17,10.63
Carex_caryophyllea,1935662493,46.6375,13.47972
Carex_caryophyllea,1455437970,50.073367,4.361916
Carex_caryophyllea,1705359372,57.594913,14.778421
Carex_caryophyllea,2268221256,55.616971,36.457863
Carex_caryophyllea,1999551772,60.435294,22.681771
Carex_caryophyllea,1935662373,46.83417,15.56139
Carex_caryophyllea,1936088474,41.0856,-1.2155
Carex_caryophyllea,1999551691,60.425165,22.646755
Carex_caryophyllea,1999551768,60.397724,22.632261
Carex_caryophyllea,1705287333,56.743196,16.315119
Carex_caryophyllea,1999551778,60.463023,22.705388
Carex_caryophyllea,1600486973,60.246032,20.118461
Carex_caryophyllea,1600487113,60.272966,20.031272
Carex_caryophyllea,1230532689,47.85,15.2
Carex_caryophyllea,1600486976,60.22634,20.086386
Carex_caryophyllea,1936090122,42.4231,-6.4975
Carex_caryophyllea,1851387124,43.01,-6.36
Carex_caryophyllea,211621599,43.16,-4.96
Carex_caryophyllea,1936415583,42.3439,-6.5856
Carex_caryophyllea,211621603,43.189999,-4.97
Carex_caryophyllea,1455167417,45.583333,-65.05
Carex_caryophyllea,211621617,43.200001,-4.72
Carex_caryophyllea,211621605,43.18,-4.87
Carex_caryophyllea,211621597,43.23,-4.99
Carex_caryophyllea,211621624,43.200001,-4.74
Carex_caryophyllea,211621604,43.169998,-4.81
Carex_caryophyllea,211621602,43.209999,-4.69
Carex_caryophyllea,211621600,43.209999,-4.99
Carex_caryophyllea,204422808,43.334,-1.884
Carex_caryophyllea,1050646825,43.36,-2.92
Carex_caryophyllea,788540699,39.916667,20.75
Carex_caryophyllea,788540352,39.966667,20.733333
Carex_caryophyllea,1050640196,42.94,-2.84
Carex_caryophyllea,1705359330,57.651052,14.626087
Carex_caryophyllea,1946864788,50.23,10.18
Carex_caryophyllea,1050646841,43.2,-3.24
Carex_caryophyllea,1946864888,49.97,9.62
Carex_caryophyllea,1050640131,42.87,-2.94
Carex_caryophyllea,1705343374,57.519903,16.015483
Carex_caryophyllea,860319594,42.04,1.97
Carex_caryophyllea,1806557440,42.883345,-1.72499
Carex_caryophyllea,1050640106,42.99,-2.88
Carex_caryophyllea,677861,56.68795,15.34197
Carex_caryophyllea,1805098772,42.259,-2.994
Carex_caryophyllea,1050640045,42.96,-2.35
Carex_caryophyllea,1705358467,57.202502,14.183744
Carex_caryophyllea,1805098790,42.286,-2.982
Carex_caryophyllea,296435239,43.783333,12.25
Carex_caryophyllea,1600486972,60.383345,23.033619
Carex_caryophyllea,1705327335,57.601096,15.388745
Carex_caryophyllea,1805098753,42.267601,-2.502824
Carex_caryophyllea,1042989430,57.4546,12.1839
Carex_caryophyllea,1851353692,42.47,-6.38
Carex_caryophyllea,1697199741,45.225174,147.883761
Carex_caryophyllea,1851343287,42.93,-4.78
Carex_caryophyllea,1829600986,36.542222,138.476389
Carex_caryophyllea,211621596,43.220001,-4.99
Carex_caryophyllea,1697199700,54.877649,160.867146
Carex_caryophyllea,1697199763,54.873528,160.865468
Carex_caryophyllea,1050640091,42.88,-2.27
Carex_caryophyllea,1842893515,42.633,0.762
Carex_caryophyllea,1936036405,41.8085,-5.9747
Carex_caryophyllea,1230532821,48.13333,16.93333
Carex_caryophyllea,1050640102,42.73,-3.18
Carex_caryophyllea,204422805,43.341999,-1.76
Carex_caryophyllea,2028546727,42.07,2.68
Carex_caryophyllea,1050640123,43.03,-2.79
Carex_caryophyllea,1705343403,57.466813,16.07517
Carex_caryophyllea,1600486974,60.415622,22.629856
Carex_caryophyllea,1702404229,59.0683,10.404
Carex_caryophyllea,1050640040,43.1,-2.74
Carex_caryophyllea,1050640170,42.79,-3.12
Carex_caryophyllea,1705343386,57.520801,16.015488
Carex_caryophyllea,1600486985,60.534914,22.704969
Carex_caryophyllea,1705466917,56.949757,14.96715
Carex_caryophyllea,1697199718,46.611588,143.009925
Carex_caryophyllea,1829474979,40.28615,140.020803
Carex_caryophyllea,788864182,56.26789,12.53112
Carex_caryophyllea,1697199743,49.574542,154.839848
Carex_caryophyllea,1697199729,49.470535,154.802176
Carex_caryophyllea,1050640177,43.04,-3.06
Carex_caryophyllea,1935668122,47.37194,15.69611
Carex_caryophyllea,1050640152,42.86,-2.33
Carex_caryophyllea,1806554633,43.161,-1.715
Carex_caryophyllea,1842894017,42.415,0.648
Carex_caryophyllea,1600486968,60.095667,20.528714
Carex_caryophyllea,788881158,55.72167,13.04091
Carex_caryophyllea,1851410205,42.82,-6
Carex_caryophyllea,1657177388,47.025,16.125
Carex_caryophyllea,1842894039,42.415,0.673
Carex_caryophyllea,296435276,46.747941,12.491874
Carex_caryophyllea,1050640222,43.04,-2.82
Carex_caryophyllea,1842893978,42.388,0.674
Carex_caryophyllea,1600486984,60.25439,19.935414
Carex_caryophyllea,788555374,56.57421,16.5001
Carex_caryophyllea,2244424993,38.382134,141.190279
Carex_caryophyllea,1600486971,60.223819,19.869571
Carex_caryophyllea,1705394950,57.61661,16.13986
Carex_caryophyllea,1600487111,60.265209,19.969343
Carex_caryophyllea,1935668105,47.375,15.69167
Carex_caryophyllea,1842862230,42.48,0.99
Carex_caryophyllea,1842894013,42.424,0.672
Carex_caryophyllea,1829457844,39.45,140.68
Carex_caryophyllea,1935668221,47.39167,15.53333
Carex_caryophyllea,1600486970,60.397129,22.614174
Carex_caryophyllea,1842893880,42.397,0.673
Carex_caryophyllea,1697415540,52.158578,34.500056
Carex_caryophyllea,296435246,46.807516,12.868888
Carex_caryophyllea,296435279,46.794,12.892
Carex_caryophyllea,296435278,46.77732,12.893683
Carex_caryophyllea,296435245,46.795,12.816
Carex_caryophyllea,1828704580,37.28257,140.99423
Carex_caryophyllea,1701765639,59.0669,10.4039
Carex_caryophyllea,1701331798,59.8934,10.7603
Carex_caryophyllea,1999551741,60.649805,21.883879
Carex_caryophyllea,1600486966,60.376252,19.690497
Carex_caryophyllea,1042989500,57.8854,14.021
Carex_caryophyllea,1697199755,50.369993,155.625114
Carex_caryophyllea,788524232,38.833333,22.25
Carex_caryophyllea,1828704715,38.91506,139.83658
Carex_caryophyllea,1697192091,50.5,95.333333
Carex_caryophyllea,1697199714,50.758403,156.253178
Carex_caryophyllea,1697199768,50.677675,156.139386
Carex_caryophyllea,1831080542,53.4485,12.7484
Carex_caryophyllea,1851318979,43.02,-5.27
Carex_caryophyllea,1829457808,39.9684,139.9183
Carex_caryophyllea,1851366999,42.37,-6.15
Carex_caryophyllea,1702428612,59.9431,10.5526
Carex_caryophyllea,211621983,43.400002,-5.11
Carex_caryophyllea,1829458458,39.90068,139.97086
Carex_caryophyllea,1702310123,59.4259,10.6241
Carex_caryophyllea,1829458437,39.96324,140.08977
Carex_caryophyllea,1702310066,59.0494,10.8915
Carex_caryophyllea,1038928705,41.305,-73.3914
Carex_caryophyllea,1935662391,47.29806,15.61333
Carex_caryophyllea,1829457805,39.67713,140.07599
Carex_caryophyllea,1851353648,42.49,-7.48
Carex_caryophyllea,1829457852,39.22852,140.03494
Carex_caryophyllea,1702404315,59.388,10.529
Carex_caryophyllea,1050639999,43.04,-2.69
Carex_caryophyllea,1851370760,42.83,-5.39
Carex_caryophyllea,1829457820,40.01467,139.95505
Carex_caryophyllea,1936418312,43.175,-4.7853
Carex_caryophyllea,1697199713,50.744322,156.258709
Carex_caryophyllea,1600487115,60.201901,19.964858
Carex_caryophyllea,1828704818,37.37209,138.55879
Carex_caryophyllea,1936032736,40.543,-6.2028
Carex_caryophyllea,1851370507,42.47,-5.62
Carex_caryophyllea,1851353003,42.92,-5.63
Carex_caryophyllea,1050640047,42.86,-2.82
Carex_caryophyllea,211622383,42.959999,-6.3
Carex_caryophyllea,1050640044,42.95,-2.82
Carex_caryophyllea,1936031792,40.4045,-6.0672
Carex_caryophyllea,211622381,43.049999,-6.18
Carex_caryophyllea,1829457790,39.25929,139.99088
Carex_caryophyllea,1829457835,40.38068,140.32652
Carex_caryophyllea,1600486980,59.882249,22.539244
Carex_caryophyllea,1697770005,42.795873,43.921709
Carex_caryophyllea,1697415532,52.37882,34.787308
Carex_caryophyllea,1050640200,42.86,-2.94
Carex_caryophyllea,1828703956,41.27972,141.32529
Carex_caryophyllea,1829458454,40.30108,140.59398
Carex_caryophyllea,1936416072,42.3042,-3.2888
Carex_caryophyllea,1050640085,42.95,-2.32
Carex_caryophyllea,1851377398,42.38,-6.39
Carex_caryophyllea,833455503,49.95,8.016666
Carex_caryophyllea,211623370,43.619999,-5.89
Carex_caryophyllea,1845008422,49.948889,8.024444
Carex_caryophyllea,1845008272,50.008333,8.196389
Carex_caryophyllea,833455498,49.033333,8.3
Carex_caryophyllea,1845008314,49.04,8.285
Carex_caryophyllea,833455500,50,8.183333
Carex_caryophyllea,211622385,43.049999,-6.3
Carex_caryophyllea,1829458112,39.72366,140.10693
Carex_caryophyllea,1702428624,59.9001,10.5819
Carex_caryophyllea,1851356291,42.37,-6.27
Carex_caryophyllea,187113086,59.0339,10.1063
Carex_caryophyllea,1999551706,60.301453,19.888894
Carex_caryophyllea,899760499,47,20
Carex_caryophyllea,1657175409,47.375,14.875
Carex_caryophyllea,1845008515,49.273333,7.768333
Carex_caryophyllea,186796345,58.1374,8.0515
Carex_caryophyllea,1701920638,59.0176,10.071
Carex_caryophyllea,1701565368,59.0069,10.1055
Carex_caryophyllea,833455491,49.266666,7.766666
Carex_caryophyllea,1702404313,59.0173,10.1059
Carex_caryophyllea,900321458,59.29569,10.43859
Carex_caryophyllea,1851388831,42.82,-6.13
Carex_caryophyllea,1702404321,59.0293,10.1149
Carex_caryophyllea,1999551746,60.3258,19.756363
Carex_caryophyllea,788863233,58.02135,13.5875
Carex_caryophyllea,1829419059,44.436667,141.408611
Carex_caryophyllea,1829458473,40.3,140.04
Carex_caryophyllea,2313356053,48.08,11.53
Carex_caryophyllea,1828703408,40.28777,140.11609
Carex_caryophyllea,381792237,36.41307,140.41078
Carex_caryophyllea,1845008222,49.215,7.435556
Carex_caryophyllea,833455486,49.25,7.35
Carex_caryophyllea,2313355477,48.09,11.55
Carex_caryophyllea,786105009,45.6,10.7
Carex_caryophyllea,1042989424,57.181,12.4743
Carex_caryophyllea,1829458465,39.21728,139.97833
Carex_caryophyllea,1230532579,46.50889,14.36528
Carex_caryophyllea,388801482,43.054722,145.053056
Carex_caryophyllea,1829903335,44.356389,143.354444
Carex_caryophyllea,788495816,38.783333,21.933333
Carex_caryophyllea,788487482,38.95,21.85
Carex_caryophyllea,1697769955,42.802801,43.937373
Carex_caryophyllea,1702177554,59.02266,9.53738
Carex_caryophyllea,1701784415,59.0014,9.7537
Carex_caryophyllea,388801504,45.225,142.284722
Carex_caryophyllea,388801477,45.088063,141.637559
Carex_caryophyllea,1600486977,60.315776,19.903928
Carex_caryophyllea,788496107,38.65,22.266667
Carex_caryophyllea,788495932,38.816667,22.25
Carex_caryophyllea,1600486967,60.30687,19.90587
Carex_caryophyllea,1842893458,42.653,0.017
Carex_caryophyllea,211622851,43.560001,-7.7
Carex_caryophyllea,1702428642,59.8796,10.7159
Carex_caryophyllea,1935662358,47.41167,15.72583
Carex_caryophyllea,788555494,56.94544,16.86011
Carex_caryophyllea,788577458,56.57122,16.57636
Carex_caryophyllea,1701500670,60.1292,11.4571
Carex_caryophyllea,1702428723,59.8836,10.7215
Carex_caryophyllea,388801522,42.56638,141.104137
Carex_caryophyllea,211621475,43.549999,-7.01
Carex_caryophyllea,1828703164,38.69339,139.67644
Carex_caryophyllea,1936089468,40.1648,-1.7565
Carex_caryophyllea,1600486969,60.049513,19.979451
Carex_caryophyllea,788539952,39.483333,21.233333
Carex_caryophyllea,788540416,39.616667,21.15
Carex_caryophyllea,388801456,42.529243,143.467548
Carex_caryophyllea,788540241,39.683333,21.133333
Carex_caryophyllea,788540125,39.333333,21.566667
Carex_caryophyllea,1828703198,37.40725,138.58203
Carex_caryophyllea,1702404347,59.0679,10.4389
Carex_caryophyllea,788526998,39.533333,21.533333
Carex_caryophyllea,1671659106,40.11817,9.415489
Carex_caryophyllea,1260859585,50.12527,5.18722
Carex_caryophyllea,1260859571,50.78194,5.69444
Carex_caryophyllea,20625533,59.1499,10.9318
Carex_caryophyllea,381792236,35.869,140.64165
Carex_caryophyllea,1606516026,60.28125,19.602915
Carex_caryophyllea,1701851510,59.1502,10.9143
Carex_caryophyllea,1701884199,59.1501,10.9231
Carex_caryophyllea,788524015,39.516667,21.383333
Carex_caryophyllea,1697415582,55.242575,41.061849
Carex_caryophyllea,1702310092,59.197,10.8172
Carex_caryophyllea,1828703210,39.71817,140.10284
Carex_caryophyllea,1702214750,59.3136,10.733
Carex_caryophyllea,788527068,38.95,21.75
Carex_caryophyllea,788528852,39.4,21.2
Carex_caryophyllea,788496048,38.683333,22.116667
Carex_caryophyllea,1828703080,45.21592,141.65764
Carex_caryophyllea,788499035,38.95,21.833333
Carex_caryophyllea,1671659149,40.242709,9.360124
Carex_caryophyllea,1053982184,42.86,-1.66
Carex_caryophyllea,1851331433,42.48,-6.75
Carex_caryophyllea,1042989415,57.2315,12.3037
Carex_caryophyllea,1697415627,53.949011,39.381953
Carex_caryophyllea,1042989414,57.2588,12.1944
Carex_caryophyllea,1828702787,39.69967,140.72998
Carex_caryophyllea,296435212,47.139,10.523
Carex_caryophyllea,1701619184,59.9342,10.7267
Carex_caryophyllea,1697192130,50.833333,93.833333
Carex_caryophyllea,1705394929,57.338414,15.539523
Carex_caryophyllea,186796346,58.4732,8.9049
Carex_caryophyllea,2289084779,50.452,6.102
Carex_caryophyllea,1701576215,58.9946,9.7579
Carex_caryophyllea,1042989473,58.5675,11.3673
Carex_caryophyllea,1705394925,57.419376,15.622147
Carex_caryophyllea,1702428667,60.0262,10.6688
Carex_caryophyllea,1851411081,42.93,-5.27
Carex_caryophyllea,788527807,39.566667,21.5
Carex_caryophyllea,1697415548,54.926582,41.400045
Carex_caryophyllea,788524879,38.816667,22.283333
Carex_caryophyllea,1697415588,55.172811,41.305991
Carex_caryophyllea,1697415558,54.810476,41.752841
Carex_caryophyllea,1845008780,49.175833,7.748611
Carex_caryophyllea,211623371,43.049999,-6
Carex_caryophyllea,1701500672,60.0172,10.6683
Carex_caryophyllea,1042989448,57.7083,11.6448
Carex_caryophyllea,788538613,39.8,21.183333
Carex_caryophyllea,1702428615,59.9084,10.6816
Carex_caryophyllea,1701796596,59.8649,10.7446
Carex_caryophyllea,788538670,39.783333,21.183333
Carex_caryophyllea,1042989422,57.2363,12.36
Carex_caryophyllea,1701930224,60.0253,10.6238
Carex_caryophyllea,788540357,39.316667,21.633333
Carex_caryophyllea,1697415677,54.845877,37.642679
Carex_caryophyllea,788531881,40.916667,24.116667
Carex_caryophyllea,1697192100,57.45126,97.2726
Carex_caryophyllea,788527305,40.933333,24.133333
Carex_caryophyllea,788539775,39.783333,21.216667
Carex_caryophyllea,1671659020,40.04903,9.273758
Carex_caryophyllea,1671659049,39.949263,9.239635
Carex_caryophyllea,1935669682,46.70417,15.93333
Carex_caryophyllea,1697415667,52.048247,41.155822
Carex_caryophyllea,1705334033,56.452898,13.347662
Carex_caryophyllea,1697415647,55.685954,41.693192
Carex_caryophyllea,1935662305,46.755,15.7225
Carex_caryophyllea,1828702492,38.26794,140.86954
Carex_caryophyllea,1705394916,57.724743,15.922682
Carex_caryophyllea,296435375,47.211111,15.809444
Carex_caryophyllea,1697415631,54.916113,41.683989
Carex_caryophyllea,2290406522,50.864,5.95
Carex_caryophyllea,788852621,59.119722,11.396667
Carex_caryophyllea,1702428680,60.0161,10.6413
Carex_caryophyllea,1230532696,47.1375,13.86083
Carex_caryophyllea,788495989,41.3,24.083333
Carex_caryophyllea,1671659037,40.852078,9.190967
Carex_caryophyllea,1671656365,39.978731,9.309126
Carex_caryophyllea,1671658952,39.640644,9.015546
Carex_caryophyllea,1705394952,57.607715,16.106321
Carex_caryophyllea,899760494,46,25
Carex_caryophyllea,211623377,43.34,-5.97
Carex_caryophyllea,1701720558,59.8831,10.541
Carex_caryophyllea,1701930253,60.0341,10.6422
Carex_caryophyllea,1701884233,59.3101,10.7436
Carex_caryophyllea,1144200536,59.97258,10.72237
Carex_caryophyllea,1042989423,57.2648,12.33
Carex_caryophyllea,1701454291,59.3187,10.7481
Carex_caryophyllea,788841201,60.76849,15.07904
Carex_caryophyllea,1144200585,59.3387,10.6622
Carex_caryophyllea,1702310107,59.3145,10.7303
Carex_caryophyllea,1697415591,55.656285,42.030602
Carex_caryophyllea,186796696,58.4728,8.9057
Carex_caryophyllea,1701710733,59.3888,10.5316
Carex_caryophyllea,1340197797,49.57,10.37
Carex_caryophyllea,1671658974,40.844951,9.155739
Carex_caryophyllea,1701930211,59.8938,10.7345
Carex_caryophyllea,1935662406,47.55778,14.87444
Carex_caryophyllea,1701329350,59.8907,10.7245
Carex_caryophyllea,1935662336,47.57167,14.85972
Carex_caryophyllea,788807342,59.196389,10.815278
Carex_caryophyllea,1042989417,57.3346,12.2597
Carex_caryophyllea,1705420062,57.850182,14.114138
Carex_caryophyllea,1829893124,35.410556,138.861389
Carex_caryophyllea,1702310098,59.0283,11.0156
Carex_caryophyllea,1935662368,47.68306,15.95056
Carex_caryophyllea,1702214798,59.1989,10.7998
Carex_caryophyllea,2310797331,51.48,-3.28
Carex_caryophyllea,1828702403,40.272,140.56514
Carex_caryophyllea,1702310110,59.4653,10.6322
Carex_caryophyllea,1702310049,59.1982,10.7946
Carex_caryophyllea,1999551752,60.446663,22.225358
Carex_caryophyllea,1702344286,60.0626,10.2125
Carex_caryophyllea,1701710627,60.0583,10.1854
Carex_caryophyllea,1702404350,60.0627,10.1945
Carex_caryophyllea,1999551771,60.452987,22.151615
Carex_caryophyllea,788862055,60.449167,22.259167
Carex_caryophyllea,788870690,56.0408,14.03939
Carex_caryophyllea,2288597272,42.55,1.583333
Carex_caryophyllea,1144637490,41.96667,9
Carex_caryophyllea,1671656329,40.851757,9.177311
Carex_caryophyllea,1671659104,40.849879,9.148728
Carex_caryophyllea,1935662487,47.68861,15.88111
Carex_caryophyllea,1638383724,48.08333,14.46667
Carex_caryophyllea,1935662411,47.14444,15.50361
Carex_caryophyllea,1638383862,48.05,14.45
Carex_caryophyllea,1042989412,57.424,12.3317
Carex_caryophyllea,1702428641,59.885,10.6072
Carex_caryophyllea,1042989421,57.3947,12.252
Carex_caryophyllea,1697415609,54.763636,40.974884
Carex_caryophyllea,1697415590,54.746005,40.994041
Carex_caryophyllea,1705330499,56.110899,13.187181
Carex_caryophyllea,1935662335,46.77889,15.30139
Carex_caryophyllea,1935662398,47.69833,15.86583
Carex_caryophyllea,1935662399,47.68833,15.94444
Carex_caryophyllea,1829418953,43.009167,144.271944
Carex_caryophyllea,1999551696,60.381578,22.552834
Carex_caryophyllea,1935662364,47.705,15.88
Carex_caryophyllea,788854818,55.55343,12.90594
Carex_caryophyllea,788879450,57.33985,12.08766
Carex_caryophyllea,1705329927,56.423302,12.947731
Carex_caryophyllea,1042989419,57.5422,12.1199
Carex_caryophyllea,1702428643,59.948,10.8081
Carex_caryophyllea,1829418076,42.874722,143.158611
Carex_caryophyllea,1935662381,46.80667,15.20472
Carex_caryophyllea,1935662343,47.52944,14.85972
Carex_caryophyllea,1935663939,47.10972,15.42139
Carex_caryophyllea,1935663938,47.11722,15.41028
Carex_caryophyllea,1705375150,58.334804,16.700727
Carex_caryophyllea,2313354807,48.07,11.37
Carex_caryophyllea,1701571589,59.8513,10.5404
Carex_caryophyllea,1705327394,56.519477,13.28533
Carex_caryophyllea,1702428650,59.8264,10.4804
Carex_caryophyllea,1935662356,47.50167,14.88556
Carex_caryophyllea,1935662346,47.44611,14.86111
Carex_caryophyllea,1701920625,60.0628,10.1856
Carex_caryophyllea,1999551694,60.408931,22.430842
Carex_caryophyllea,1702404327,60.066,10.3204
Carex_caryophyllea,788528504,40.1,22.25
Carex_caryophyllea,1935662405,47.39556,15.13306
Carex_caryophyllea,1828702407,39.91229,139.7733
Carex_caryophyllea,388801317,45.408584,141.745862
Carex_caryophyllea,1989604711,55.620278,8.479444
Carex_caryophyllea,388801311,45.319125,141.014265
Carex_caryophyllea,1999551784,60.507479,22.69038
Carex_caryophyllea,788862017,60.456944,22.686944
Carex_caryophyllea,388801310,43.211581,140.894953
Carex_caryophyllea,388801313,44.910617,142.581926
Carex_caryophyllea,388801312,45.355,140.998333
Carex_caryophyllea,1828702356,39.73532,140.2438
Carex_caryophyllea,1935662307,47.58833,14.79194
Carex_caryophyllea,1705460265,57.912032,15.768239
Carex_caryophyllea,786104878,46.5,24.6
Carex_caryophyllea,57684337,60.458401,22.178101
Carex_caryophyllea,1038048165,53.6485,13.9149
Carex_caryophyllea,1702310059,59.3327,11.2938
Carex_caryophyllea,1999551748,60.461929,22.150279
Carex_caryophyllea,1828702023,43.12113,141.24345
Carex_caryophyllea,1701884239,59.231,10.6911
Carex_caryophyllea,1705375181,58.332838,16.76162
Carex_caryophyllea,788856972,55.72532,13.3477
Carex_caryophyllea,1323832889,59.306,10.7273
Carex_caryophyllea,1697192128,56.52803,95.97931
Carex_caryophyllea,1600486950,60.24351,19.493727
Carex_caryophyllea,1697415678,51.577034,36.228454
Carex_caryophyllea,1042989416,57.5775,12.109
Carex_caryophyllea,1705314233,57.405442,14.673927
Carex_caryophyllea,1702185013,59.933,10.5746
Carex_caryophyllea,1705332259,56.443317,13.353795
Carex_caryophyllea,788555254,56.58087,16.46102
Carex_caryophyllea,1697415766,53.340993,57.783225
Carex_caryophyllea,812022120,50.4395,9.7341
Carex_caryophyllea,2287771782,44.166667,10.166667
Carex_caryophyllea,1828701799,39.4533,140.47559
Carex_caryophyllea,57684334,60.193199,20.229099
Carex_caryophyllea,1705333734,56.453686,13.06417
Carex_caryophyllea,1705332475,56.442479,13.236909
Carex_caryophyllea,788870840,55.78915,13.88465
Carex_caryophyllea,1999551742,60.270125,23.155891
Carex_caryophyllea,1829897486,36.082778,138.073889
Carex_caryophyllea,1705332474,56.460745,13.152915
Carex_caryophyllea,1828701853,39.70304,141.15271
Carex_caryophyllea,1600487106,60.104047,20.247582
Carex_caryophyllea,1705259751,57.327603,16.535667
Carex_caryophyllea,1935662393,48.13028,16.93917
Carex_caryophyllea,1702000019,59.9322,10.6461
Carex_caryophyllea,1828701607,41.34951,141.41695
Carex_caryophyllea,1702428640,59.9181,10.5828
Carex_caryophyllea,1042989504,57.5393,12.4358
Carex_caryophyllea,788855323,58.65084,16.22529
Carex_caryophyllea,788866713,58.4922,13.3004
Carex_caryophyllea,788863650,56.39288,14.02877
Carex_caryophyllea,1083120366,53.6485,13.7483
Carex_caryophyllea,788870575,56.28062,13.936
Carex_caryophyllea,1999551783,60.241333,20.02885
Carex_caryophyllea,1323832833,59.896,10.7345
Carex_caryophyllea,1705285099,55.694767,14.168865
Carex_caryophyllea,1829607535,36.5,138.5
Carex_caryophyllea,1829902596,41.509167,140.913333
Carex_caryophyllea,786105001,44,8.2
Carex_caryophyllea,1936384513,40.8231,-4.1871
Carex_caryophyllea,1705333187,56.312862,13.140391
Carex_caryophyllea,1042989425,56.4228,13.1098
Carex_caryophyllea,1705330508,56.429301,13.127866
Carex_caryophyllea,1705329619,56.117973,13.164989
Carex_caryophyllea,1705322543,56.422808,13.109777
Carex_caryophyllea,788879737,57.37624,12.2004
Carex_caryophyllea,1828514636,43.522975,144.408154
Carex_caryophyllea,1697769954,43.800836,40.685034
Carex_caryophyllea,1705321532,56.392397,13.075383
Carex_caryophyllea,1830170156,36.966667,137.583333
Carex_caryophyllea,1828701481,36.5703,138.12665
Carex_caryophyllea,788863794,56.134164,13.965605
Carex_caryophyllea,1600487108,60.464862,22.359362
Carex_caryophyllea,1705418009,56.596088,16.469421
Carex_caryophyllea,1042989468,58.212,11.4183
Carex_caryophyllea,1697415724,53.037992,55.644985
Carex_caryophyllea,1697415727,53.370453,57.7675
Carex_caryophyllea,1697415754,52.039665,57.862177
Carex_caryophyllea,788555434,56.88317,16.74028
Carex_caryophyllea,1829894481,35.558889,138.495
Carex_caryophyllea,1828514659,43.43124,144.514144
Carex_caryophyllea,1830180034,36.933333,137.65
Carex_caryophyllea,388801450,43.228056,145.2525
Carex_caryophyllea,1671659017,40.030117,9.233648
Carex_caryophyllea,211623375,43.419998,-6.11
Carex_caryophyllea,211623373,43.380001,-6.05
Carex_caryophyllea,1999551695,60.553938,22.465131
Carex_caryophyllea,187112143,59.9238,10.5921
Carex_caryophyllea,1828514640,42.954192,143.143637
Carex_caryophyllea,211623374,43.380001,-6.07
Carex_caryophyllea,677862,57.28219,14.35088
Carex_caryophyllea,1705320356,56.691814,12.752796
Carex_caryophyllea,1042989512,57.7222,12.9393
Carex_caryophyllea,1697415800,54.167304,59.119806
Carex_caryophyllea,1697415660,54.400073,41.925159
Carex_caryophyllea,1697415733,53.547016,57.583998
Carex_caryophyllea,1935662428,47.69833,15.86028
Carex_caryophyllea,788555314,56.54253,16.44716
Carex_caryophyllea,1999551767,60.446986,22.234412
Carex_caryophyllea,1999584934,60.412823,22.284869
Carex_caryophyllea,1697192167,54.97911,73.86206
Carex_caryophyllea,1144200593,60.21298,5.44478
Carex_caryophyllea,1935669665,47.34936,15.3265
Carex_caryophyllea,1697415719,55.552231,58.34968
Carex_caryophyllea,1829835975,36.376237,138.570903
Carex_caryophyllea,1600487109,60.085268,19.89076
Carex_caryophyllea,1697192126,55.01528,74.23782
Carex_caryophyllea,1697415729,55.944083,58.548161
Carex_caryophyllea,1999551733,60.096597,19.933304
Carex_caryophyllea,1702310041,59.8658,10.5625
Carex_caryophyllea,1702015765,60.1931,5.5031
Carex_caryophyllea,1697415788,55.857209,57.860096
Carex_caryophyllea,1829476362,39.9428,139.714
Carex_caryophyllea,788879269,56.44965,14.06621
Carex_caryophyllea,1831081847,53.6485,12.0819
Carex_caryophyllea,1829459541,39.80225,140.21487
Carex_caryophyllea,1701930217,59.8785,10.5559
Carex_caryophyllea,1042989427,56.7826,12.6772
Carex_caryophyllea,1829837819,36.353771,138.61199
Carex_caryophyllea,57684336,60.2435,19.493601
Carex_caryophyllea,1829458405,39.67415,140.08908
Carex_caryophyllea,1042989410,56.8775,14.8119
Carex_caryophyllea,788876398,56.11076,14.26617
Carex_caryophyllea,1829825087,41.24978,141.395318
Carex_caryophyllea,788876474,56.17281,14.28798
Carex_caryophyllea,1829899974,36.709444,138.412222
Carex_caryophyllea,788870199,56.16836,14.30213
Carex_caryophyllea,1702428639,59.8641,10.5133
Carex_caryophyllea,1829823263,35.549333,138.80925
Carex_caryophyllea,1999551722,60.472848,22.731396
Carex_caryophyllea,1935669595,47.11474,15.38023
Carex_caryophyllea,1891607330,49.99,6.02
Carex_caryophyllea,788881193,56.179769,13.831679
Carex_caryophyllea,20626267,59.8581,10.5273
Carex_caryophyllea,1701791673,59.8966,10.6176
Carex_caryophyllea,616357604,50.85,5.76
Carex_caryophyllea,1600487098,60.174331,19.871424
Carex_caryophyllea,1999627016,60.398624,23.095443
Carex_caryophyllea,1999551655,60.377636,19.881312
Carex_caryophyllea,1999551759,60.142568,19.950499
Carex_caryophyllea,1999551699,60.502416,22.67283
Carex_caryophyllea,1701918237,58.1007,6.7136
Carex_caryophyllea,388801365,35.631111,139.366667
Carex_caryophyllea,788854861,56.2873,12.48891
Carex_caryophyllea,1999584845,60.413714,22.439262
Carex_caryophyllea,1701500695,59.8845,10.5401
Carex_caryophyllea,1701500587,59.9012,10.6089
Carex_caryophyllea,1829869052,40.878824,140.335588
Carex_caryophyllea,1705462506,56.66443,16.365267
Carex_caryophyllea,1702428683,59.8702,10.5306
Carex_caryophyllea,1705367643,56.172814,14.287982
Carex_caryophyllea,1701930208,59.8877,10.6082
Carex_caryophyllea,1829823391,35.681408,138.376398
Carex_caryophyllea,1600486964,60.223821,19.543446
Carex_caryophyllea,1702272133,59.1979,10.812
Carex_caryophyllea,1702310113,59.0895,10.8587
Carex_caryophyllea,1936215250,43.5151,-5.3892
Carex_caryophyllea,1936215032,43.4217,-5.1014
Carex_caryophyllea,1891588983,49.63,6.18
Carex_caryophyllea,1705382880,56.826825,15.723337
Carex_caryophyllea,1891606096,49.56,6.11
Carex_caryophyllea,2313353952,48.21,11.49
Carex_caryophyllea,1891593189,49.51,6.25
Carex_caryophyllea,788555194,57.18512,16.97277
Carex_caryophyllea,1891589817,49.52,6.26
Carex_caryophyllea,900310024,59.8951,10.7319
Carex_caryophyllea,1705258987,56.577145,16.459864
Carex_caryophyllea,1697723572,44.408278,34.012814
Carex_caryophyllea,1891596015,49.61,6.15
Carex_caryophyllea,57684335,60.005699,20.0877
Carex_caryophyllea,1891591897,49.68,6.23
Carex_caryophyllea,1891594889,49.62,6.14
Carex_caryophyllea,1891606115,49.74,6.25
Carex_caryophyllea,1042989483,58.8745,11.1536
Carex_caryophyllea,1891598901,49.68,6.22
Carex_caryophyllea,1828701536,40.65416,139.93459
Carex_caryophyllea,1830171431,36.8,137.583333
Carex_caryophyllea,788876359,56.03147,12.70846
Carex_caryophyllea,1144200565,59.314,10.7339
Carex_caryophyllea,1701884147,59.3,10.6664
Carex_caryophyllea,1701920583,59.077,10.4654
Carex_caryophyllea,1701275379,59.8951,10.7337
Carex_caryophyllea,1891600439,50.08,5.9
Carex_caryophyllea,1702310100,59.3143,10.7391
Carex_caryophyllea,1702310106,59.314,10.7654
Carex_caryophyllea,677329,56.01478,14.70398
Carex_caryophyllea,1697769982,42.508552,44.266491
Carex_caryophyllea,788881124,55.74003,14.06283
Carex_caryophyllea,812022094,50.644783,9.177117
Carex_caryophyllea,812022124,50.7451,9.067333
Carex_caryophyllea,812022123,50.660933,9.157167
Carex_caryophyllea,1935986111,43.4221,-3.4461
Carex_caryophyllea,812022095,50.757633,9.064917
Carex_caryophyllea,812022122,50.76575,9.0514
Carex_caryophyllea,1891591490,49.72,6.48
Carex_caryophyllea,1702310143,59.1708,10.8281
Carex_caryophyllea,1701673454,59.2801,10.6778
Carex_caryophyllea,1042989389,55.5178,14.3043
Carex_caryophyllea,1042989532,58.1857,16.8004
Carex_caryophyllea,788876164,58.61251,13.38543
Carex_caryophyllea,788838231,55.50145,14.30952
Carex_caryophyllea,186797002,59.56058,10.73151
Carex_caryophyllea,1705350807,57.120782,15.029322
Carex_caryophyllea,1701980485,58.9974,9.7397
Carex_caryophyllea,1042989502,57.6497,12.4891
Carex_caryophyllea,1701710631,59.03505,10.50688
Carex_caryophyllea,860315364,41.78,2.7
Carex_caryophyllea,1891596864,49.83,6.31
Carex_caryophyllea,1056079908,51.548322,-0.271231
Carex_caryophyllea,788862633,56.08124,12.7821
Carex_caryophyllea,2313355408,48.18,11.4
Carex_caryophyllea,2313356556,48.14,11.51
Carex_caryophyllea,1999627072,60.109959,19.930425
Carex_caryophyllea,1042989534,59.0525,18.4307
Carex_caryophyllea,1600486947,60.418498,22.447678
Carex_caryophyllea,788842578,59.95389,17.67527
Carex_caryophyllea,1701275345,59.8923,10.5995
Carex_caryophyllea,1705422604,56.133881,12.931878
Carex_caryophyllea,1705435166,56.839499,13.932482
Carex_caryophyllea,20626258,59.8905,10.6012
Carex_caryophyllea,1042989445,57.6488,11.9212
Carex_caryophyllea,1042989501,58.0642,13.6637
Carex_caryophyllea,788874805,59.02584,15.36825
Carex_caryophyllea,860314970,42.31,1.73
Carex_caryophyllea,296435209,47.139417,10.928028
Carex_caryophyllea,677920,57.67808,14.08544
Carex_caryophyllea,2313356420,48.02,11.49
Carex_caryophyllea,1705318645,57.791355,12.071511
Carex_caryophyllea,2313354823,48.08,11.55
Carex_caryophyllea,1600486945,60.48958,22.69276
Carex_caryophyllea,1099878604,57.51338,13.18456
Carex_caryophyllea,788875944,55.70917,14.00398
Carex_caryophyllea,1600486935,60.46273,22.696324
Carex_caryophyllea,2313356290,48.02,11.54
Carex_caryophyllea,1999551886,60.477006,22.721864
Carex_caryophyllea,1697769961,42.507793,44.25396
Carex_caryophyllea,1697770010,42.535437,44.186926
Carex_caryophyllea,1600487096,60.25357,19.672784
Carex_caryophyllea,1999584966,59.96978,20.176121
Carex_caryophyllea,2313355615,48.18,11.63
Carex_caryophyllea,1935662326,47.10278,15.37917
Carex_caryophyllea,2313355761,47.99,11.49
Carex_caryophyllea,2313356310,48.02,11.46
Carex_caryophyllea,900310243,59.9505,10.7196
Carex_caryophyllea,788879345,56.11815,12.60669
Carex_caryophyllea,788879472,55.53307,13.91099
Carex_caryophyllea,1935662369,47.57556,14.85444
Carex_caryophyllea,1935662423,47.13889,15.45028
Carex_caryophyllea,1600487095,62.313356,21.303044
Carex_caryophyllea,788875982,55.72763,13.95683
Carex_caryophyllea,788880992,56.14029,13.39135
Carex_caryophyllea,1999627040,60.352441,19.832385
Carex_caryophyllea,1999551671,60.108037,19.89474
Carex_caryophyllea,788879615,55.94898,13.54288
Carex_caryophyllea,1702310082,59.0474,10.8834
Carex_caryophyllea,788841159,55.66445,13.56204
Carex_caryophyllea,1057473298,51.208542,0.91371
Carex_caryophyllea,1701930264,59.8945,10.7784
Carex_caryophyllea,1042989482,57.7615,11.8246
Carex_caryophyllea,788879686,55.65862,14.26409
Carex_caryophyllea,1144200584,59.84258,10.45045
Carex_caryophyllea,1042989387,55.4282,14.1109
Carex_caryophyllea,1042989388,55.4582,14.1777
Carex_caryophyllea,1935662299,47.55944,14.86083
Carex_caryophyllea,1935662329,47.02722,15.43028
Carex_caryophyllea,1935662372,47.575,15.79167
Carex_caryophyllea,788553512,58.197903,15.995409
Carex_caryophyllea,1999551697,60.23272,19.541413
Carex_caryophyllea,1042989546,59.1296,14.175
Carex_caryophyllea,788856931,55.38658,14.19232
Carex_caryophyllea,1701930210,59.9502,10.6381
Carex_caryophyllea,788875868,56.00633,13.18702
Carex_caryophyllea,1999551737,60.097075,19.942225
Carex_caryophyllea,1702404329,59.4491,10.4436
Carex_caryophyllea,677330,56.17553,15.56761
Carex_caryophyllea,1935880915,40.2513,-5.9406
Carex_caryophyllea,788852713,59.06649,12.49472
Carex_caryophyllea,1701923246,59.4122,11.3697
Carex_caryophyllea,788866681,59.04426,12.47502
Carex_caryophyllea,1042989545,59.3647,13.9378
Carex_caryophyllea,1702410864,59.4416,11.2306
Carex_caryophyllea,788870235,55.71679,13.27302
Carex_caryophyllea,1935662378,47.70806,15.61222
Carex_caryophyllea,788863612,56.00958,14.43871
Carex_caryophyllea,2313355701,48.12,11.46
Carex_caryophyllea,1701999307,59.8679,10.7564
Carex_caryophyllea,788878809,56.0744,14.55044
Carex_caryophyllea,1600486933,60.480042,22.675815
Carex_caryophyllea,1705462077,56.74779,16.252843
Carex_caryophyllea,1702428634,59.867,10.5724
Carex_caryophyllea,1702428705,59.9141,10.6542
Carex_caryophyllea,1705291622,57.609479,14.87354
Carex_caryophyllea,788870804,56.28855,14.01775
Carex_caryophyllea,1702435181,59.8932,10.8766
Carex_caryophyllea,1701930343,59.893,10.8855
Carex_caryophyllea,788870307,56.08185,13.74081
Carex_caryophyllea,1042989393,56.08,13.6981
Carex_caryophyllea,788872578,58.01421,11.62897
Carex_caryophyllea,1042989484,58.0118,11.6232
Carex_caryophyllea,788870052,56.08145,14.50586
Carex_caryophyllea,788870271,56.1217,13.82703
Carex_caryophyllea,788870013,56.10561,14.4901
Carex_caryophyllea,788725714,59.00202,15.38444
Carex_caryophyllea,788879366,56.1752,14.502
Carex_caryophyllea,1848370300,54.0485,13.7483
Carex_caryophyllea,677328,56.16599,15.56567
Carex_caryophyllea,1999659307,60.417215,22.156953
Carex_caryophyllea,788870538,55.53299,14.32607
Carex_caryophyllea,788875631,56.08603,14.35018
Carex_caryophyllea,788733521,56.3283,14.0583
Carex_caryophyllea,788873714,58.411121,15.616815
Carex_caryophyllea,788858795,57.86684,11.91878
Carex_caryophyllea,788863865,56.21002,13.36651
Carex_caryophyllea,1042989486,57.8615,11.9209
Carex_caryophyllea,1702428575,59.996,10.9093
Carex_caryophyllea,1701930216,59.9153,10.5559
Carex_caryophyllea,788876699,57.6881,12.33722
Carex_caryophyllea,1042989442,57.6916,12.3084
Carex_caryophyllea,860315335,41.78,2.58
Carex_caryophyllea,1935662371,47.11278,15.47028
Carex_caryophyllea,788843266,60.155,19.948333
Carex_caryophyllea,1702428592,59.8791,10.6149
Carex_caryophyllea,1600487085,60.263388,19.851966
Carex_caryophyllea,1042989451,58.139,11.6624
Carex_caryophyllea,1600487084,60.183874,20.050252
Carex_caryophyllea,1600484500,60.04569,19.908207
Carex_caryophyllea,1042989466,57.8754,11.7207
Carex_caryophyllea,1042989472,58.3458,11.8387
Carex_caryophyllea,1042989426,57.4131,12.0223
Carex_caryophyllea,1697769976,43.996025,39.934444
Carex_caryophyllea,2291953999,52.283333,7.033333
Carex_caryophyllea,788877547,55.60694,13.002764
Carex_caryophyllea,1705374749,57.202674,16.384295
Carex_caryophyllea,788842448,59.29782,17.70481
Carex_caryophyllea,788859970,58.41903,15.47921
Carex_caryophyllea,1042989537,59.3052,18.6894
Carex_caryophyllea,788875553,55.79212,13.5011
Carex_caryophyllea,788851626,55.65525,13.08309
Carex_caryophyllea,788879414,57.42402,18.20869
Carex_caryophyllea,1600487083,59.996201,19.909973
Carex_caryophyllea,2313355437,48.22,11.46
Carex_caryophyllea,1042989380,56.109,12.6916
Carex_caryophyllea,788842671,58.45348,12.57509
Carex_caryophyllea,788859802,59.61876,16.55275
Carex_caryophyllea,1042989506,57.6165,11.7832
Carex_caryophyllea,1697769968,44.099174,43.023319
Carex_caryophyllea,1831083703,53.4485,11.9152
Carex_caryophyllea,1042989462,58.1045,11.847
Carex_caryophyllea,788844543,55.67086,13.07522
Carex_caryophyllea,1697769957,44.053298,43.090954
Carex_caryophyllea,788861504,57.70579,12.91061
Carex_caryophyllea,1989189557,41.684297,-73.587153
Carex_caryophyllea,1999590189,60.057944,19.968643
Carex_caryophyllea,1042989527,58.4166,15.5235
Carex_caryophyllea,1042989526,58.2777,14.6559
Carex_caryophyllea,1600487078,60.458421,22.178232
Carex_caryophyllea,1600487079,60.368987,22.19148
Carex_caryophyllea,1935662374,47.08167,15.54639
Carex_caryophyllea,1042989497,57.577,13.1216
Carex_caryophyllea,1042989453,57.8029,11.9182
Carex_caryophyllea,1600486930,60.291396,20.390242
Carex_caryophyllea,1999551795,60.039651,19.963553
Carex_caryophyllea,1042989449,58.716,11.3326
Carex_caryophyllea,1042989379,55.9236,14.2926
Carex_caryophyllea,1935662325,47.18111,15.48972
Carex_caryophyllea,1042989396,56.5771,16.4599
Carex_caryophyllea,1600486927,60.367576,23.108116
Carex_caryophyllea,1042989378,55.9985,13.2953
Carex_caryophyllea,1042989496,58.2077,13.4379
Carex_caryophyllea,1702310120,59.1179,11.4001
Carex_caryophyllea,1701454226,59.096,10.8748
Carex_caryophyllea,1600486940,60.214613,21.355413
Carex_caryophyllea,788864562,59.974444,23.435556
Carex_caryophyllea,1697199735,53.120804,157.749639
Carex_caryophyllea,1697199748,53.126275,157.743164
Carex_caryophyllea,1042989495,57.8478,12.4784
Carex_caryophyllea,1042989377,56.3074,13.0899
Carex_caryophyllea,788872936,58.94928,11.89423
Carex_caryophyllea,1042989450,58.4674,11.6609
Carex_caryophyllea,318680368,59.039888,11.046336
Carex_caryophyllea,812022114,50.619133,9.381217
Carex_caryophyllea,1042989516,58.3102,12.4017
Carex_caryophyllea,788716914,58.19731,13.50292
Carex_caryophyllea,788875514,55.56842,13.71335
Carex_caryophyllea,1705283431,56.766072,16.595813
Carex_caryophyllea,1705256718,57.239767,16.003957
Carex_caryophyllea,1701720824,59.9764,10.7021
Carex_caryophyllea,1657177677,46.68889,14.87194
Carex_caryophyllea,1935662328,46.72028,15.26667
Carex_caryophyllea,187113084,59.9362,10.6821
Carex_caryophyllea,1697415655,56.722583,38.782606
Carex_caryophyllea,788878253,55.7211,13.02215
Carex_caryophyllea,1042989401,57.6701,18.4747
Carex_caryophyllea,788879555,57.67733,18.49317
Carex_caryophyllea,788842609,60.26241,15.92075
Carex_caryophyllea,788837774,57.0208,18.31193
Carex_caryophyllea,1042854760,58.57802,13.37168
Carex_caryophyllea,1600487073,60.460539,20.173345
Carex_caryophyllea,20626264,59.8694,10.5261
Carex_caryophyllea,1935662401,47.02278,15.45472
Carex_caryophyllea,788874898,55.58285,12.92779
Carex_caryophyllea,1042989460,58.0533,11.8527
Carex_caryophyllea,1697415651,56.723445,38.775931
Carex_caryophyllea,1600487071,60.471057,22.540574
Carex_caryophyllea,1705482263,49.5955,17.2573
Carex_caryophyllea,1697415669,56.723692,38.771973
Carex_caryophyllea,677336,56.19864,15.65834
Carex_caryophyllea,788875829,55.97305,14.40971
Carex_caryophyllea,1042989480,58.5044,11.3793
Carex_caryophyllea,1600486944,60.184929,21.505046
Carex_caryophyllea,1948553910,60.316178,19.891872
Carex_caryophyllea,1701500572,59.8876,10.6171
Carex_caryophyllea,1042989434,57.688,11.9419
Carex_caryophyllea,788875905,56.205703,14.048932
Carex_caryophyllea,1702410777,59.3251,11.5789
Carex_caryophyllea,1702404342,59.4356,10.4897
Carex_caryophyllea,788879520,57.68178,18.41787
Carex_caryophyllea,1701884148,59.3275,11.5747
Carex_caryophyllea,788864217,55.56513,13.2073
Carex_caryophyllea,1702410836,59.3318,11.5601
Carex_caryophyllea,1697192115,50.355214,127.565358
Carex_caryophyllea,1701641163,59.4125,11.3521
Carex_caryophyllea,677596,56.211725,15.278155
Carex_caryophyllea,1701252630,59.9066,10.6815
Carex_caryophyllea,1697770027,40.509492,44.929447
Carex_caryophyllea,788856890,55.71642,13.97714
Carex_caryophyllea,788836821,59.28884,14.98975
Carex_caryophyllea,1701931745,59.8695,10.7717
Carex_caryophyllea,1697770039,40.547412,44.958468
Carex_caryophyllea,1042989533,59.0742,15.17
Carex_caryophyllea,788880957,56.33792,14.18788
Carex_caryophyllea,788876059,56.121819,13.830549
Carex_caryophyllea,1042989485,58.2486,11.7217
Carex_caryophyllea,1705370399,58.036227,14.958779
Carex_caryophyllea,1042989479,58.3943,12.0603
Carex_caryophyllea,1697415523,53.866992,40.677507
Carex_caryophyllea,1697415598,54.078178,40.238325
Carex_caryophyllea,1702428697,59.9003,10.6803
Carex_caryophyllea,1935662402,47.10917,14.19833
Carex_caryophyllea,788879541,56.07576,13.22491
Carex_caryophyllea,1600486934,60.408272,22.158285
Carex_caryophyllea,1697415552,54.302646,38.960051
Carex_caryophyllea,1705398094,56.646843,14.915187
Carex_caryophyllea,1042989478,58.8188,11.3311
Carex_caryophyllea,1042989381,55.6777,13.4203
Carex_caryophyllea,788843333,59.614815,18.889061
Carex_caryophyllea,788868334,60.28349,16.20323
Carex_caryophyllea,1042989397,56.4494,16.5673
Carex_caryophyllea,1657171464,46.58306,13.31389
Carex_caryophyllea,1697192156,55.82972,65.92354
Carex_caryophyllea,296435384,47.282333,11.382861
Carex_caryophyllea,296435211,47.28733,11.408496
Carex_caryophyllea,1935662354,47.50639,14.88306
Carex_caryophyllea,296435367,47.190492,11.398673
Carex_caryophyllea,788879723,56.07522,13.27489
Carex_caryophyllea,1600487067,60.362053,20.012172
Carex_caryophyllea,788876589,57.85614,19.02966
Carex_caryophyllea,788876020,55.99828,14.35399
Carex_caryophyllea,1999551593,60.323405,20.047609
Carex_caryophyllea,1042989400,57.8537,19.0233
Carex_caryophyllea,788870499,55.94272,13.10632
Carex_caryophyllea,1042989446,57.6815,12.2081
Carex_caryophyllea,788870768,55.71148,13.32469
Carex_caryophyllea,788864113,56.3836,12.79215
Carex_caryophyllea,1042989390,55.9245,13.105
Carex_caryophyllea,788870163,55.54033,13.27169
Carex_caryophyllea,1042989465,58.9381,11.1756
Carex_caryophyllea,1042989481,58.6611,11.7736
Carex_caryophyllea,788878697,55.5811,14.3228
Carex_caryophyllea,788879436,56.00441,14.1607
Carex_caryophyllea,788876836,55.664343,13.344033
Carex_caryophyllea,296435349,48.226,16.425
Carex_caryophyllea,788878184,55.68815,13.3214
Carex_caryophyllea,1705282138,56.673882,16.082547
Carex_caryophyllea,788864287,55.688171,13.07933
Carex_caryophyllea,1042989447,57.6164,11.9413
Carex_caryophyllea,187112727,59.7515,10.2011
Carex_caryophyllea,1702428647,59.8959,10.6712
Carex_caryophyllea,1697415698,52.776198,36.01461
Carex_caryophyllea,1600486923,60.167805,21.525968
Carex_caryophyllea,1042989535,58.898,17.5442
Carex_caryophyllea,1434671321,56.88377,14.81922
Carex_caryophyllea,1042989525,58.932,14.4269
Carex_caryophyllea,1697415702,55.376104,45.457035
Carex_caryophyllea,1697415580,54.853996,37.549459
Carex_caryophyllea,1697415676,54.854952,37.626848
Carex_caryophyllea,1705273634,56.877485,14.81187
Carex_caryophyllea,2268220385,54.910247,38.655694
Carex_caryophyllea,296435348,48.247222,16.230556
Carex_caryophyllea,1697415635,54.911777,38.671994
Carex_caryophyllea,1697415639,54.855097,37.547904
Carex_caryophyllea,1701720668,59.8931,10.537
Carex_caryophyllea,1042989477,58.9374,11.2798
Carex_caryophyllea,788873005,57.875446,11.720691
Carex_caryophyllea,788879651,55.835334,13.298413
Carex_caryophyllea,2268221158,54.838369,37.577013
Carex_caryophyllea,1042989383,56.1423,13.1886
Carex_caryophyllea,788876283,55.6891,13.66701
Carex_caryophyllea,1705421645,57.91994,13.880132
Carex_caryophyllea,788875592,56.10385,14.2039
Carex_caryophyllea,1042989444,57.656,12.0101
Carex_caryophyllea,1705363277,59.375566,17.03385
Carex_caryophyllea,1042989524,58.508,13.3297
Carex_caryophyllea,1042989513,57.8977,13.332
Carex_caryophyllea,1705422256,58.753919,15.153878
Carex_caryophyllea,1042989406,58.0349,14.343
Carex_caryophyllea,1042989433,57.6607,12.1067
Carex_caryophyllea,1042989438,57.699,12.019
Carex_caryophyllea,1702428724,59.9589,10.8892
Carex_caryophyllea,788878387,59.205662,17.826344
Carex_caryophyllea,1042989384,56.1157,13.1032
Carex_caryophyllea,788857946,57.58196,18.22959
Carex_caryophyllea,788875521,57.65525,12.132
Carex_caryophyllea,1697415636,54.859186,37.55752
Carex_caryophyllea,677858,57.781999,14.159529
Carex_caryophyllea,1705417712,56.648188,16.467075
Carex_caryophyllea,677840,56.16282,14.89892
Carex_caryophyllea,788874930,58.62086,15.23534
Carex_caryophyllea,1042989392,55.5806,13.2545
Carex_caryophyllea,1042989437,57.6986,11.9969
Carex_caryophyllea,1705443868,56.63325,16.515048
Carex_caryophyllea,1702428621,59.9104,10.629
Carex_caryophyllea,788864528,61.23747,13.16466
Carex_caryophyllea,1600486924,60.669767,21.935693
Carex_caryophyllea,1042989439,57.7357,12.0073
Carex_caryophyllea,677334,56.20219,15.56228
Carex_caryophyllea,1042989529,58.4821,15.5175
Carex_caryophyllea,1042989514,57.7695,12.0216
Carex_caryophyllea,1697415711,52.725855,41.331116
Carex_caryophyllea,1705417978,56.748396,16.534213
Carex_caryophyllea,788869741,58.48928,15.50277
Carex_caryophyllea,677382,56.19883,15.64415
Carex_caryophyllea,788870383,55.84253,12.9377
Carex_caryophyllea,1697415718,51.957221,42.000992
Carex_caryophyllea,788879773,56.9339,12.55398
Carex_caryophyllea,1999584904,60.309081,23.106149
Carex_caryophyllea,788861740,58.20559,15.02095
Carex_caryophyllea,788858838,56.91619,12.56835
Carex_caryophyllea,1600484528,60.387063,23.160251
Carex_caryophyllea,1600486926,60.377059,23.125132
Carex_caryophyllea,788876798,55.75114,12.9921
Carex_caryophyllea,1273862032,55.630875,14.248547
Carex_caryophyllea,788870459,55.66337,14.21901
Carex_caryophyllea,677643,57.355684,14.469715
Carex_caryophyllea,296435362,47.294612,11.434707
Carex_caryophyllea,788870421,55.77033,13.08989
Carex_caryophyllea,788842767,58.40131,13.86442
Carex_caryophyllea,1042989488,58.7948,12.1644
Carex_caryophyllea,678306,56.877485,14.811873
Carex_caryophyllea,788879035,57.86951,11.59719
Carex_caryophyllea,1935880871,41.0979,-3.5967
Carex_caryophyllea,1042989542,59.784,14.7785
Carex_caryophyllea,296435363,47.250278,11.413889
Carex_caryophyllea,296435377,47.241389,11.407722
Carex_caryophyllea,1705400542,57.867966,16.159031
Carex_caryophyllea,1657177437,46.48667,14.31417
Carex_caryophyllea,1705379281,56.748975,14.579328
Carex_caryophyllea,788879700,56.75269,13.21957
Carex_caryophyllea,1705379743,56.748649,14.546646
Carex_caryophyllea,1705326216,57.102925,15.046197
Carex_caryophyllea,1042989385,55.9435,12.9187
Carex_caryophyllea,1702428715,59.89,10.712
Carex_caryophyllea,788870345,55.91542,14.30196
Carex_caryophyllea,788879189,59.37826,17.96023
Carex_caryophyllea,788872616,58.77171,13.93792
Carex_caryophyllea,1705379754,56.704556,14.629755
Carex_caryophyllea,788837743,57.4863,18.20322
Carex_caryophyllea,1705379036,57.265371,16.418423
Carex_caryophyllea,1697415573,55.306703,41.865195
Carex_caryophyllea,1705368803,60.277594,15.991632
Carex_caryophyllea,788876626,57.429286,18.22297
Carex_caryophyllea,788837714,57.70623,18.80227
Carex_caryophyllea,788875788,55.8361,13.021717
Carex_caryophyllea,788876172,56.42889,12.86392
Carex_caryophyllea,788872865,59.201,17.60135
Carex_caryophyllea,415977854,42.485,-71.43333
Carex_caryophyllea,296435418,47.237262,11.398836
Carex_caryophyllea,788872723,59.13387,16.73753
Carex_caryophyllea,1042989523,58.4731,13.3289
Carex_caryophyllea,1705265870,60.672789,17.137797
Carex_caryophyllea,1999551736,60.201423,19.955913
Carex_caryophyllea,1999551744,60.211285,19.971893
Carex_caryophyllea,1701930231,59.8896,10.7406
Carex_caryophyllea,1705263438,57.267788,16.403065
Carex_caryophyllea,616365719,50.51,5.52
Carex_caryophyllea,57684339,60.2729,20.031099
Carex_caryophyllea,1671659344,40.26479,8.775202
Carex_caryophyllea,788878057,58.90165,17.83691
Carex_caryophyllea,1701884068,59.0567,11.0365
Carex_caryophyllea,1705414012,58.411121,15.616814
Carex_caryophyllea,788858094,56.93126,12.45089
Carex_caryophyllea,788879796,56.05012,14.13947
Carex_caryophyllea,1042989402,57.2865,18.2062
Carex_caryophyllea,1842897741,41.87,2.46
Carex_caryophyllea,788874773,57.65097,18.31143
Carex_caryophyllea,1702428613,59.9121,10.8061
Carex_caryophyllea,296435331,46.571389,11.242222
Carex_caryophyllea,1657177475,46.49639,14.28278
Carex_caryophyllea,1702428651,60.0164,10.6233
Carex_caryophyllea,788878147,55.923564,14.292627
Carex_caryophyllea,788859844,59.91865,16.5778
Carex_caryophyllea,1697415634,55.436716,37.550889
Carex_caryophyllea,788842130,58.09133,13.04894
Carex_caryophyllea,1042989507,57.7377,13.1067
Carex_caryophyllea,1697199719,53.42422,157.552272
Carex_caryophyllea,1697199661,53.156757,158.373046
Carex_caryophyllea,1042989522,58.2982,14.1049
Carex_caryophyllea,788872795,58.91181,17.58065
Carex_caryophyllea,788840508,58.67306,16.12926
Carex_caryophyllea,296435371,46.734,11.669
Carex_caryophyllea,1701673404,59.5404,11.308
Carex_caryophyllea,1702428603,59.8357,10.4451
Carex_caryophyllea,788872971,58.32407,11.72141
Carex_caryophyllea,788859642,59.93385,16.56293
Carex_caryophyllea,1702404244,59.08,10.4394
Carex_caryophyllea,1701710669,59.2703,10.4132
Carex_caryophyllea,1697199788,53.189271,158.304483
Carex_caryophyllea,1701088556,42.411119,11.145667
Carex_caryophyllea,1935662390,47.16917,14.65889
Carex_caryophyllea,1803766690,47.168333,14.658056
Carex_caryophyllea,788842195,58.389094,13.846898
Carex_caryophyllea,1842897817,41.78,2.46
Carex_caryophyllea,1842897735,41.41,2.22
Carex_caryophyllea,1999659259,60.305485,22.300377
Carex_caryophyllea,1936419001,40.4615,-1.7039
Carex_caryophyllea,1842897752,42.4,2.21
Carex_caryophyllea,788836852,59.32803,14.08883
Carex_caryophyllea,1701920639,59.2729,10.4562
Carex_caryophyllea,788844784,57.61235,18.26961
Carex_caryophyllea,788872687,59.34902,18.01923
Carex_caryophyllea,1702404307,59.2472,10.464
Carex_caryophyllea,1702428678,59.9579,10.737
Carex_caryophyllea,1702310108,59.3017,10.6673
Carex_caryophyllea,1600484521,60.421768,22.28357
Carex_caryophyllea,296435355,47.25,11.354
Carex_caryophyllea,296435358,47.25,11.283
Carex_caryophyllea,1042989428,56.6703,12.9136
Carex_caryophyllea,1935881150,42.009,-2.8564
Carex_caryophyllea,1705278416,57.781999,14.159527
Carex_caryophyllea,1999585011,60.107555,19.885821
Carex_caryophyllea,1999551820,60.189966,19.994569
Carex_caryophyllea,1042989539,59.7404,18.1578
Carex_caryophyllea,812022106,50.713333,9.948983
Carex_caryophyllea,1702428532,59.941,10.6555
Carex_caryophyllea,1928890828,42.241765,-71.166164
Carex_caryophyllea,1702344192,59.435,10.4191
Carex_caryophyllea,1935662382,47.09,13.98389
Carex_caryophyllea,1701930234,59.9701,10.7286
Carex_caryophyllea,1042989475,58.0373,11.5772
Carex_caryophyllea,1697415721,51.675136,44.854715
Carex_caryophyllea,788842834,58.29635,14.12615
Carex_caryophyllea,1935662357,47.12194,14.18778
Carex_caryophyllea,788855913,58.73021,15.55077
Carex_caryophyllea,812022108,50.724683,9.958867
Carex_caryophyllea,812022109,50.713833,9.952367
Carex_caryophyllea,1701720791,59.902,10.5374
Carex_caryophyllea,1702310086,59.4322,10.5883
Carex_caryophyllea,1701221819,59.1989,10.806
Carex_caryophyllea,1935662385,47.22806,15.23444
Carex_caryophyllea,1935662324,47.18833,14.18778
Carex_caryophyllea,1705278428,58.389095,13.846897
Carex_caryophyllea,1935662287,47.11222,14.1725
Carex_caryophyllea,1600487035,60.193177,20.229199
Carex_caryophyllea,1600487112,60.24111,20.174287
