taxon_name,gbif_id,decimal_longitude,decimal_latitude
Cyperus_strigosus,2268985000,-90.29719,37.29565
Cyperus_strigosus,2268907417,-90.40178,37.25895
Cyperus_strigosus,1988766621,-86.01117,42.55272
Cyperus_strigosus,2251707866,-76.92466,44.44687
Cyperus_strigosus,1849099852,-81.883755,34.794805
Cyperus_strigosus,2268908612,-90.40033,37.25842
Cyperus_strigosus,1930784756,-73.77322,41.055114
Cyperus_strigosus,2268907453,-90.40177,37.26011
Cyperus_strigosus,2252417950,-85.580699,43.820964
Cyperus_strigosus,1988712409,-85.97901,42.55134
Cyperus_strigosus,1989423051,-86.03432,42.61776
Cyperus_strigosus,2268819036,-90.59435,36.50181
Cyperus_strigosus,1828921522,-122.262,40.4708
Cyperus_strigosus,1990674851,-95.514778,39.529472
Cyperus_strigosus,1990674090,-93.17615,39.49999
Cyperus_strigosus,1990674488,-92.70978,40.30651
Cyperus_strigosus,1929352210,-71.88684,41.07277
Cyperus_strigosus,2268850505,-90.53914,36.55647
Cyperus_strigosus,1989141040,-86.01553,42.55253
Cyperus_strigosus,1703067989,-80.9582,33.9953
Cyperus_strigosus,2234360413,-78.994639,35.9105
Cyperus_strigosus,2268850222,-89.57959,36.26055
Cyperus_strigosus,2268850463,-90.59389,36.50183
Cyperus_strigosus,2234360841,-75.939306,36.535944
Cyperus_strigosus,2234360770,-79.015417,35.889722
Cyperus_strigosus,1929545957,-72.61906,41.90314
Cyperus_strigosus,1928239206,-73.43117,44.57294
Cyperus_strigosus,1931273860,-72.63981,41.82478
Cyperus_strigosus,2244428341,139.140578,35.332436
Cyperus_strigosus,1697945005,-80.4375,33.5501
Cyperus_strigosus,1929254316,-72.65217,41.77939
Cyperus_strigosus,1849095963,-80.437513,33.550075
Cyperus_strigosus,2234360898,-75.324944,37.922944
Cyperus_strigosus,1849099834,-81.678663,34.55435
Cyperus_strigosus,1978007255,-84.295683,37.716268
Cyperus_strigosus,1258182956,-90.55897,37.27864
Cyperus_strigosus,1258186138,-94.9817,40.0683
Cyperus_strigosus,1899281952,-78.786188,44.2210199990571
Cyperus_strigosus,1258186151,-94.8478,38.8653
Cyperus_strigosus,1849131374,-80.648112,33.109009
Cyperus_strigosus,1258183202,-90.50349,36.50995
Cyperus_strigosus,1258174990,-91.968464,39.007142
Cyperus_strigosus,1258183198,-90.50061,36.5008
Cyperus_strigosus,1320686614,-76.9428,39.0108
Cyperus_strigosus,1849192717,-79.723502,34.326008
Cyperus_strigosus,1849140827,-81.25423,34.725286
Cyperus_strigosus,1849172080,-80.624393,33.947462
Cyperus_strigosus,2270703394,-83.81727,38.82105
Cyperus_strigosus,1317868676,-90.6322,37.5972
Cyperus_strigosus,1928181564,-73.875469,40.859553
Cyperus_strigosus,1828948416,-121.625,39.4261
Cyperus_strigosus,1928656015,-71.86233,41.06727
Cyperus_strigosus,1849093337,-81.333222,27.009056
Cyperus_strigosus,1929589265,-73.974103,40.767289
Cyperus_strigosus,1258073876,-90.33649,37.42581
Cyperus_strigosus,1456060138,-77.2352,38.637
Cyperus_strigosus,1829930036,139.165578,35.290776
Cyperus_strigosus,2273624552,-80.14,26.78
Cyperus_strigosus,1930223279,-75.488378,38.695406
Cyperus_strigosus,1258064249,-91.613167,38.332556
Cyperus_strigosus,1849185967,-81.0833,34.0078
Cyperus_strigosus,1930926455,-73.57778,41.49135
Cyperus_strigosus,1829927989,139.090584,35.324102
Cyperus_strigosus,1930840345,-73.60161,41.51152
Cyperus_strigosus,1258071979,-91.092555,37.429056
Cyperus_strigosus,1930047231,-73.974114,40.767292
Cyperus_strigosus,1930052502,-75.95711,38.91675
Cyperus_strigosus,2265459418,-93.144722,44.789167
Cyperus_strigosus,997427041,-91.23083,38.59921
Cyperus_strigosus,1249180377,-72.628117,46.29
Cyperus_strigosus,1141839982,-94.68015,37.31934
Cyperus_strigosus,2265458202,-94.041111,46.633056
Cyperus_strigosus,1988628487,-85.73883,42.35029
Cyperus_strigosus,1503271822,-85.1922,30.4289
Cyperus_strigosus,1257990695,-93.648444,40.102222
Cyperus_strigosus,2284360509,-76.7663,39.0662
Cyperus_strigosus,1050233277,-94.7048,37.96449
Cyperus_strigosus,1417511011,-74.208306,45.52475
Cyperus_strigosus,1701512226,-79.98306,33.25806
Cyperus_strigosus,1248711797,-73.145556,45.085
Cyperus_strigosus,2265590810,-93.936667,44.8103
Cyperus_strigosus,811857786,-91.05202,43.00035
Cyperus_strigosus,1928942613,-75.877514,38.394642
Cyperus_strigosus,1977964257,-74.008306,45.420833
Cyperus_strigosus,2012815419,-75.449358,38.734175
Cyperus_strigosus,1931024640,-76.338144,38.068564
Cyperus_strigosus,1257941080,-90.20304,37.20881
Cyperus_strigosus,1930629819,-94.186506,30.179378
Cyperus_strigosus,1977964256,-74.007917,45.42175
Cyperus_strigosus,1836726881,-76.3381,38.0686
Cyperus_strigosus,1258009109,-92.1683,38.5661
Cyperus_strigosus,1257994491,-91.1006,38.4744
Cyperus_strigosus,1258009128,-92.0733,38.0089
Cyperus_strigosus,1931019561,-82.967894,30.315717
Cyperus_strigosus,1930575167,-75.32825,38.588642
Cyperus_strigosus,1927953253,-75.150453,38.338928
Cyperus_strigosus,1978758112,-73.545,45.736111
Cyperus_strigosus,1849119578,-80.7281,33.5511
Cyperus_strigosus,1030474836,-85.3843,43.1238
Cyperus_strigosus,1930695380,-81.79053,39.10408
Cyperus_strigosus,1931032378,-75.428156,38.943172
Cyperus_strigosus,1988235025,-75.63535,45.470008
Cyperus_strigosus,1928279462,-76.063589,38.802461
Cyperus_strigosus,1843913407,-108.87275,31.52817
Cyperus_strigosus,1317806490,-76.7968,39.08
Cyperus_strigosus,1257691135,-91.5822,37.6042
Cyperus_strigosus,1257691124,-91.5817,37.6861
Cyperus_strigosus,1269725794,-94.636111,29.653056
Cyperus_strigosus,1030479835,-84.383472,42.756167
Cyperus_strigosus,1978757747,-72.339444,46.399722
Cyperus_strigosus,2234368420,-84.586136,35.112029
Cyperus_strigosus,1929887979,-73.4989,44.4781
Cyperus_strigosus,1257684895,-91.994444,38.948889
Cyperus_strigosus,1269725065,-90.428333,30.006944
Cyperus_strigosus,1849140399,-80.5167,33.0606
Cyperus_strigosus,1849106025,-80.9714,33.7996
Cyperus_strigosus,1257760970,-89.9022,37.4825
Cyperus_strigosus,1929858432,-73.692567,41.445292
Cyperus_strigosus,1257667458,-90.337028,36.812611
Cyperus_strigosus,1843910666,-108.81374,31.33582
Cyperus_strigosus,1829469381,141.3126,40.7375
Cyperus_strigosus,415724603,-94.78848,38.98683
Cyperus_strigosus,1936241445,5.6514,-1.4342
Cyperus_strigosus,1503262224,-81.9736,26.9958
Cyperus_strigosus,1928136294,-73.880043,40.863698
Cyperus_strigosus,1913946928,-86.605306,31.796389
Cyperus_strigosus,1928698681,-73.595641,41.392422
Cyperus_strigosus,1929280906,-73.8728,40.8631
Cyperus_strigosus,473417025,-73.455333,45.43455
Cyperus_strigosus,1257576927,-92.03,38.74
Cyperus_strigosus,1927790954,-75.6472,39.1914
Cyperus_strigosus,1928308222,-73.611173,41.456586
Cyperus_strigosus,1849120887,-79.6381,34.3823
Cyperus_strigosus,1269721957,-93.806667,32.3075
Cyperus_strigosus,1929476661,-75.27508,38.37097
Cyperus_strigosus,1269728828,-93.769667,30.7187
Cyperus_strigosus,1988726587,-86.504483,44.03165
Cyperus_strigosus,415969364,-71.12833,42.29861
Cyperus_strigosus,1929925743,-75.95256,38.74728
Cyperus_strigosus,415956453,-79.85777,32.75916
Cyperus_strigosus,233098176,-96.44181,42.43458
Cyperus_strigosus,1930551272,-73.61521,41.452097
Cyperus_strigosus,1317465473,-77.2831,38.9357
Cyperus_strigosus,1849157188,-83.144281,40.274919
Cyperus_strigosus,1930832942,-75.95722,38.53639
Cyperus_strigosus,1978074804,-82.296097,37.290056
Cyperus_strigosus,1849163149,-80.681,33.1014
Cyperus_strigosus,233098177,-93.16549,39.63205
Cyperus_strigosus,1978074880,-82.294003,37.296844
Cyperus_strigosus,1257683400,-89.5083,37.0481
Cyperus_strigosus,1261021970,-88.6575,36.938889
Cyperus_strigosus,441733251,-118.973333,46.211667
Cyperus_strigosus,1269724752,-93.915833,32.931667
Cyperus_strigosus,239701189,-79.97,34.33
Cyperus_strigosus,1929943621,-75.89825,38.681217
Cyperus_strigosus,1849163062,-79.7026,34.2896
Cyperus_strigosus,2265453929,-94.54694,47.01552
Cyperus_strigosus,1929204741,-75.16417,38.3725
Cyperus_strigosus,1931118598,-76.87353,34.76803
Cyperus_strigosus,1257715186,-90.808056,38.467222
Cyperus_strigosus,1930637314,-75.05472,38.45222
Cyperus_strigosus,1930244716,-73.615195,41.452064
Cyperus_strigosus,1269621834,-90.639722,29.797222
Cyperus_strigosus,1849168445,-80.1747,33.2258
Cyperus_strigosus,1563150462,-89.9912,29.9399
Cyperus_strigosus,1417512352,-74.320639,45.209639
Cyperus_strigosus,1930676473,-75.951141,38.682538
Cyperus_strigosus,176924663,-91.92623,42.29792
Cyperus_strigosus,1927833882,-76.830387,39.134013
Cyperus_strigosus,1988161315,-121.82,49.25
Cyperus_strigosus,1931097111,-75.820177,38.872698
Cyperus_strigosus,1929726926,-76.02586,39.27906
Cyperus_strigosus,1260870076,-90.68361,38.4275
Cyperus_strigosus,1929998656,-75.52361,38.37356
Cyperus_strigosus,1988655154,-84.390114,42.690318
Cyperus_strigosus,1930596207,-75.211755,38.413978
Cyperus_strigosus,1701079351,10.390282,43.713573
Cyperus_strigosus,1931169704,-76.797084,39.124368
Cyperus_strigosus,441733282,-117.186667,46.416667
Cyperus_strigosus,1930028583,-75.58253,39.27597
Cyperus_strigosus,1928832665,-75.69939,38.78125
Cyperus_strigosus,1928797298,-75.76403,38.7325
Cyperus_strigosus,217050880,-85.47083,33.99455
Cyperus_strigosus,1930994759,-75.958077,38.74815
Cyperus_strigosus,1928335556,-75.797,38.69606
Cyperus_strigosus,1260757222,-90.14166,37.06888
Cyperus_strigosus,1928990192,-75.822269,38.493928
Cyperus_strigosus,1563148836,-93.780367,30.27695
Cyperus_strigosus,1563148555,-89.9931,29.942
Cyperus_strigosus,1675855253,-121.845,39.7303
Cyperus_strigosus,2265458335,-92.363306,43.621148
Cyperus_strigosus,176924541,-92.53096,42.6295
Cyperus_strigosus,473445878,-74.358975,45.077289
Cyperus_strigosus,1571692375,-90,40
Cyperus_strigosus,1928872861,-73.8761,40.8672
Cyperus_strigosus,1988598512,-90.44595,40.00262
Cyperus_strigosus,2307975452,-80.47,42.71
Cyperus_strigosus,1928605819,-75.95506,38.68586
Cyperus_strigosus,1260453529,-90.76305,36.77388
Cyperus_strigosus,1257715139,-91.066667,38.169722
Cyperus_strigosus,2265362847,-94.839552,45.810621
Cyperus_strigosus,176924633,-96.3319,42.2766
Cyperus_strigosus,176924634,-96.2338,42.0083
Cyperus_strigosus,176924647,-96.1879,42.0052
Cyperus_strigosus,1563149500,-90.1217,29.8019
Cyperus_strigosus,2238753788,-93.580668,38.748007
Cyperus_strigosus,176924614,-96.0451,41.5231
Cyperus_strigosus,1563149382,-88.7869,30.3975
Cyperus_strigosus,1260543934,-93.000302,39.000606
Cyperus_strigosus,1457792863,-82.02925,29.20305
Cyperus_strigosus,176924665,-93.2287,39.3257
Cyperus_strigosus,176924655,-96.576944,38.493889
Cyperus_strigosus,441733217,-118.99,46.211667
Cyperus_strigosus,668761244,-72.730278,46.291111
Cyperus_strigosus,1989108890,-86.583056,41.915703
Cyperus_strigosus,1849112097,-80.8346,34.4669
Cyperus_strigosus,2234674630,-79.03827,35.91515
Cyperus_strigosus,473455950,-73.494867,45.562033
Cyperus_strigosus,441733219,-118.806667,46.295
Cyperus_strigosus,1849135849,-81.6502,34.6083
Cyperus_strigosus,1929002543,-75.81644,38.50639
Cyperus_strigosus,1319345482,-77.1767,38.9694
Cyperus_strigosus,176924648,-95.223333,38.391944
Cyperus_strigosus,1675969793,-121.744,39.7844
Cyperus_strigosus,1457822303,-82.40742,29.6141
Cyperus_strigosus,176924636,-94.9455,39.3587
Cyperus_strigosus,441733211,-120.255,47.578333
Cyperus_strigosus,1701079271,10.815412,43.815655
Cyperus_strigosus,415980332,-88.17277,39.48361
Cyperus_strigosus,1259445390,-91.03638,37.43222
Cyperus_strigosus,1258118344,-83.9674,30.1415
Cyperus_strigosus,176924654,-98.8035,37.23039
Cyperus_strigosus,1851412017,0.8114,41.8036
Cyperus_strigosus,176924527,-94.9111,39.3421
Cyperus_strigosus,1260547634,-91.591944,38.2975
Cyperus_strigosus,2268929961,-63.704167,9.258333
Cyperus_strigosus,1258118360,-82.7575,29.3731
Cyperus_strigosus,1258118348,-82.76,29.3856
Cyperus_strigosus,1269678999,-92.406,30.5
Cyperus_strigosus,1988183867,-123.04,49.12
Cyperus_strigosus,1849117574,-81.0385,33.5766
Cyperus_strigosus,1929953346,-73.5978,41.485
Cyperus_strigosus,415930086,-72.42666,41.8
Cyperus_strigosus,1416605444,-122.047889,39.954028
Cyperus_strigosus,1260569778,-90.29722,38.56805
Cyperus_strigosus,1843467065,-72.194444,41.179167
Cyperus_strigosus,1260570317,-91.15,38.0825
Cyperus_strigosus,415932136,-72.29166,41.89166
Cyperus_strigosus,415932153,-72.325,41.77083
Cyperus_strigosus,56557306,-90.96,30.81194
Cyperus_strigosus,1269682842,-90.96,30.812
Cyperus_strigosus,1849163379,-81.933,34.1622
Cyperus_strigosus,1503242320,-80.6939,28.4489
Cyperus_strigosus,1936629634,10.3,1.6167
Cyperus_strigosus,1849192182,-81.070922,34.071779
Cyperus_strigosus,122934327,-80.04025,26.580167
Cyperus_strigosus,122934326,-4.9,58.6
Cyperus_strigosus,1849139016,-81.5193,34.2478
Cyperus_strigosus,1849122229,-79.646609,33.023075
Cyperus_strigosus,1849147233,-79.6219,33.048
Cyperus_strigosus,1269677968,-92.418056,31.635556
Cyperus_strigosus,176924645,-96.793611,39.103333
Cyperus_strigosus,176924615,-96.849167,39.089722
Cyperus_strigosus,176924618,-96.145278,37.016389
Cyperus_strigosus,176924656,-96.833333,39.0475
Cyperus_strigosus,1988137596,-122.71,49.24
Cyperus_strigosus,176924649,-95.696944,38.951111
Cyperus_strigosus,1258118343,-83.3024,29.8868
Cyperus_strigosus,1269678158,-92.418,31.634
Cyperus_strigosus,1988121005,-122.69,49.26
Cyperus_strigosus,56557193,-88.12556,30.24861
Cyperus_strigosus,1705518690,-95.308611,32.9325
Cyperus_strigosus,1260925434,-90.68138,38.08722
Cyperus_strigosus,51814356,-122.7617,45.6327
Cyperus_strigosus,176924657,-95.246948,38.266666
Cyperus_strigosus,1258815422,-90.681389,38.087222
Cyperus_strigosus,176924662,-95.177223,39.6325
Cyperus_strigosus,51814342,-123.2632,44.5553
Cyperus_strigosus,176924616,-94.776111,39.156667
Cyperus_strigosus,415952989,-70.95055,43.10333
Cyperus_strigosus,1697950629,-97.15,49.883333
Cyperus_strigosus,176924535,-99.618056,36.376944
Cyperus_strigosus,176924523,-92.193056,36.906667
Cyperus_strigosus,1988184212,-123.05,49.2
Cyperus_strigosus,1988232662,-122.61,49.21
Cyperus_strigosus,1936353898,9.3,0.9
Cyperus_strigosus,1978887356,-81.882583,27.3991
Cyperus_strigosus,56557023,-81.63,32.75
Cyperus_strigosus,1258711109,-89.588889,37.041944
Cyperus_strigosus,1258711163,-89.566667,37.016667
Cyperus_strigosus,1457790882,-81.7365,30.751167
Cyperus_strigosus,1936575065,10.4833,1.5167
Cyperus_strigosus,1258711131,-89.583333,37.033333
Cyperus_strigosus,176924529,-95.433334,38.933334
Cyperus_strigosus,1258711683,-89.516667,37.033333
Cyperus_strigosus,1260979831,-91.871667,36.618889
Cyperus_strigosus,1260951958,-90.09861,37.06277
Cyperus_strigosus,176924659,-81.4729,41.5446
Cyperus_strigosus,51814335,-123.2408,44.5702
Cyperus_strigosus,1849162667,-81.480889,33.287167
Cyperus_strigosus,1258711357,-90.2,37.216667
Cyperus_strigosus,2270601019,-111.71,33.982
Cyperus_strigosus,1258711614,-89.5,37.1
Cyperus_strigosus,1988697924,-85.97,32.713361
Cyperus_strigosus,1989930840,-91.64802,34.014977
Cyperus_strigosus,176924660,-97.595833,38.091667
Cyperus_strigosus,176924666,-98.416664,38.095833
Cyperus_strigosus,2265439286,-95.064737,43.739342
Cyperus_strigosus,176924622,-95.278892,38.781666
Cyperus_strigosus,176924626,-86.412498,39.066666
Cyperus_strigosus,176924658,-94.842224,38.595833
Cyperus_strigosus,1930743332,-73.53,41.5
Cyperus_strigosus,1928618159,-73.62,41.45
Cyperus_strigosus,1038970060,-72.5472,41.6922
Cyperus_strigosus,1988149451,-122.7,49.21
Cyperus_strigosus,176924664,-97.443054,38.478333
Cyperus_strigosus,1849112277,-82.3668,34.1092
Cyperus_strigosus,176924661,-92.356667,42.700832
Cyperus_strigosus,1930383477,-73.73,41.43
Cyperus_strigosus,388816194,139.478049,35.490757
Cyperus_strigosus,176924650,-94.7708,39.1714
Cyperus_strigosus,56556842,-86.47056,34.05861
Cyperus_strigosus,1260916110,-90.58333,31.26666
Cyperus_strigosus,1503237832,-80.4436,27.2267
Cyperus_strigosus,1260944610,-89.798055,37.469445
Cyperus_strigosus,1260924675,-91.746667,40.608333
Cyperus_strigosus,1989364122,-93.497778,37.286111
Cyperus_strigosus,1503237817,-80.555,25.438
Cyperus_strigosus,176924539,-94.852284,37.220576
Cyperus_strigosus,2265404403,-94.30491,44.72505
Cyperus_strigosus,56557066,-86.68361,34.035
Cyperus_strigosus,415980165,-73.48333,41.64694
Cyperus_strigosus,415948745,-72.70194,41.905
Cyperus_strigosus,2270600674,-110.166308,32.920171
Cyperus_strigosus,1260980860,-89.566944,37.023889
Cyperus_strigosus,176924522,-101.75676,37.965759
Cyperus_strigosus,1258821632,-90.3075,38.57583
Cyperus_strigosus,1258820517,-90.815833,38.431389
Cyperus_strigosus,176924642,-94.686015,38.192854
Cyperus_strigosus,1988795295,-84.2444,41.79993
Cyperus_strigosus,1260949353,-92.91944,39.13027
Cyperus_strigosus,1503235947,-81.1,27.6
Cyperus_strigosus,1260984270,-90.263889,38.619445
Cyperus_strigosus,1849176487,-81.402781,34.233419
Cyperus_strigosus,1426185807,-119.281111,36.921944
Cyperus_strigosus,176924640,-98.169607,37.635075
Cyperus_strigosus,1260955674,-93.279167,39.711111
Cyperus_strigosus,2265399476,-94.401883,44.290079
Cyperus_strigosus,1989287948,-83.994096,41.940927
Cyperus_strigosus,176924641,-100.143555,39.355708
Cyperus_strigosus,51814284,-123.6889,43.6736
Cyperus_strigosus,1258417541,-90.2825,38.63722
Cyperus_strigosus,1260987693,-92.40583,38.77888
Cyperus_strigosus,388816176,139.165578,35.282444
Cyperus_strigosus,388816123,139.15308,35.282444
Cyperus_strigosus,2265431415,-94.839913,45.752587
Cyperus_strigosus,1269651137,-91.925,30.209
Cyperus_strigosus,1260987757,-92.63361,38.99888
Cyperus_strigosus,1319224402,-77.1103,38.7189
Cyperus_strigosus,176924646,-93.683393,36.559195
Cyperus_strigosus,1260980571,-90.918333,38.597778
Cyperus_strigosus,1503234489,-80.5369,25.6142
Cyperus_strigosus,788468664,-92.561716,31.597787
Cyperus_strigosus,1988886382,-76.066667,40.233333
Cyperus_strigosus,1258406006,-90.333333,37.422222
Cyperus_strigosus,623667567,-116.90625,46.01517
Cyperus_strigosus,1265817645,-121.65,39.566667
Cyperus_strigosus,388816008,139.753025,35.490761
Cyperus_strigosus,1258118361,-82.24,29.6783
Cyperus_strigosus,1260938254,-90.992222,38.598056
Cyperus_strigosus,675234410,-72.15722,41.99083
Cyperus_strigosus,415980163,-73.23694,41.47611
Cyperus_strigosus,51814234,-123.5735,42.6009
Cyperus_strigosus,1261880563,-91.05,37.166667
Cyperus_strigosus,176924538,-99.924681,39.798512
Cyperus_strigosus,1258118362,-82.3608,29.7031
Cyperus_strigosus,56555763,-86.97417,32.66389
Cyperus_strigosus,1899277264,-75.75,45.408333
Cyperus_strigosus,441732410,-119.336113,46.554837
Cyperus_strigosus,1257830276,-91.591667,38.901389
Cyperus_strigosus,1503242937,-80.9583,28.4375
Cyperus_strigosus,415980331,-92.62388,30.99888
Cyperus_strigosus,1261886376,-93.625833,37.869445
Cyperus_strigosus,56555770,-87.41472,32.98195
Cyperus_strigosus,1503246395,-81.5575,28.1342
Cyperus_strigosus,1261542805,-90.216667,36.733333
Cyperus_strigosus,675233826,-72.26138,41.88527
Cyperus_strigosus,1260981607,-91.325,36.791111
Cyperus_strigosus,1503242659,-81.4294,28.8828
Cyperus_strigosus,699273340,-71.80777,42.27055
Cyperus_strigosus,1676057182,-82.17,27.77
Cyperus_strigosus,1321181752,-77.3261,38.4453
Cyperus_strigosus,1503242699,-80.5392,25.665
Cyperus_strigosus,56556603,-85.07889,31.12944
Cyperus_strigosus,2265523053,-92.4025,43.534167
Cyperus_strigosus,1978015140,-84,37
Cyperus_strigosus,2265450322,-92.319444,43.9875
Cyperus_strigosus,415980166,-72.84083,41.72777
Cyperus_strigosus,1258275843,-90.81666,38.48333
Cyperus_strigosus,1086570439,-124.0199,42.6485
Cyperus_strigosus,2265517270,-92.82894,45.73955
Cyperus_strigosus,245521118,139.478046,35.540747
Cyperus_strigosus,1260984172,-92.56361,40.30805
Cyperus_strigosus,1989016252,-85.32493,42.29755
Cyperus_strigosus,1260954315,-92.201111,38.896944
Cyperus_strigosus,56556313,-87.28028,32.30639
Cyperus_strigosus,1258088162,-84.268333,37.90056
Cyperus_strigosus,176924639,-97.959017,38.165913
Cyperus_strigosus,176924638,-94.996735,38.887693
Cyperus_strigosus,1930886601,-77.17,38.88
Cyperus_strigosus,56556315,-87.305,32.28917
Cyperus_strigosus,1320027660,-77.1667,38.8833
Cyperus_strigosus,1260938016,-93.07222,39.77277
Cyperus_strigosus,1259977927,-90.066667,36.5
Cyperus_strigosus,1319356157,-77.1667,38.9667
Cyperus_strigosus,1038925430,-72.1567,41.4638
Cyperus_strigosus,1259961473,-90.368056,38.618056
Cyperus_strigosus,1260963458,-91.272222,37.628333
Cyperus_strigosus,2265516109,-95.156387,44.612221
Cyperus_strigosus,1455172808,-74.208056,45.525556
Cyperus_strigosus,1455172806,-74.135833,45.458611
Cyperus_strigosus,2265516108,-94.670409,46.666344
Cyperus_strigosus,1455172805,-73.221389,44.9325
Cyperus_strigosus,1455172835,-73.93,45.521944
Cyperus_strigosus,1260980486,-90.510278,36.744722
Cyperus_strigosus,1455172820,-74.055278,45.46
Cyperus_strigosus,1455172810,-73.301667,44.866389
Cyperus_strigosus,1260980457,-90.141111,36.985556
Cyperus_strigosus,245521115,139.578042,35.482428
Cyperus_strigosus,1261003705,-89.529444,36.957778
Cyperus_strigosus,1260978059,-91.36111,36.84972
Cyperus_strigosus,1260978142,-92.003056,37.434722
Cyperus_strigosus,1275087416,-74.022222,41.400833
Cyperus_strigosus,1988716895,-76.15,41.116667
Cyperus_strigosus,1989405523,-86.424046,43.959416
Cyperus_strigosus,176924532,-85.766998,42.924
Cyperus_strigosus,1259965693,-90.675,38.125
Cyperus_strigosus,1928789419,-74.95,40.42
Cyperus_strigosus,1260977214,-91.978889,36.558056
Cyperus_strigosus,1265817749,-120.95,38.616667
Cyperus_strigosus,1038962095,-72.1433,41.6153
Cyperus_strigosus,2265517898,-93.730003,44.065834
Cyperus_strigosus,1503230925,-82.9572,29.5467
Cyperus_strigosus,1989409335,-84.98058,41.84339
Cyperus_strigosus,1038989811,-72.0286,41.3622
Cyperus_strigosus,1849162120,-79.93806,33.077398
Cyperus_strigosus,2265516899,-94.42168,46.114708
Cyperus_strigosus,415980333,-74.48166,40.83611
Cyperus_strigosus,1319025254,-77.6367,38.8119
Cyperus_strigosus,1260926259,-89.528889,36.766667
Cyperus_strigosus,1039007202,-72.1475,41.3708
Cyperus_strigosus,1038971937,-71.9664,41.3543
Cyperus_strigosus,1318423377,-77.0575,38.8822
Cyperus_strigosus,1039014350,-71.9014,41.3775
Cyperus_strigosus,1259976974,-89.704,38.164
Cyperus_strigosus,1259951118,-90.1372,38.7275
Cyperus_strigosus,2265513731,-93.253056,43.785278
Cyperus_strigosus,2265516360,-93.05149,45.433953
Cyperus_strigosus,1259953754,-87.9878,30.6892
Cyperus_strigosus,2265517933,-93.052381,45.463224
Cyperus_strigosus,1455172803,-74.116667,45.45
Cyperus_strigosus,415980167,-72.61638,41.64527
Cyperus_strigosus,2265516175,-93.269722,43.785278
Cyperus_strigosus,415980184,-72.33194,41.57555
Cyperus_strigosus,668761242,-73.0625,45.058333
Cyperus_strigosus,668761243,-73.113889,45.075
Cyperus_strigosus,1038921261,-72.7944,41.5367
Cyperus_strigosus,1986945216,-121.379239,45.708453
Cyperus_strigosus,2265515299,-92.887497,44.983334
Cyperus_strigosus,2265516633,-92.861114,45.2425
Cyperus_strigosus,1666705305,-98.434403,29.034647
Cyperus_strigosus,1260007470,-90.5905,38.5049
Cyperus_strigosus,1260074214,-91.833333,38.75
Cyperus_strigosus,2265514795,-92.90348,44.97743
Cyperus_strigosus,1261003094,-94.44694,37.14861
Cyperus_strigosus,2270472555,-90.639465,40.092096
Cyperus_strigosus,1988896602,-84.199809,42.066471
Cyperus_strigosus,1988937143,-84.16355,42.06225
Cyperus_strigosus,1260943681,-93.15083,40.26222
Cyperus_strigosus,1988884698,-84.66666,41.98776
Cyperus_strigosus,1894977582,-105.835556,23.560833
Cyperus_strigosus,2265515599,-92.755554,45.267502
Cyperus_strigosus,1978076679,-85.705556,35.386111
Cyperus_strigosus,1261000942,-90.92638,39.02555
Cyperus_strigosus,1989040329,-84.012557,41.839175
Cyperus_strigosus,1261001009,-90.9075,39.02527
Cyperus_strigosus,473456697,-73.933333,45.466667
Cyperus_strigosus,1927860749,-78.126417,39.901117
Cyperus_strigosus,2265515571,-93.6875,45.479168
Cyperus_strigosus,1260935457,-93.20555,40.30527
Cyperus_strigosus,1260954618,-90.316667,37.886389
Cyperus_strigosus,883405094,-90.883333,37.133333
Cyperus_strigosus,1259970210,-90.966667,39.066667
Cyperus_strigosus,1899373376,-80.490278,42.663889
Cyperus_strigosus,2265515699,-93.029708,45.261258
Cyperus_strigosus,1260935813,-92.65833,40.35083
Cyperus_strigosus,56557010,-85.58139,33.155
Cyperus_strigosus,1804437586,-73.166667,45.55
Cyperus_strigosus,176924533,-97.8011,41.4057
Cyperus_strigosus,1455172798,-73.583333,45.516667
Cyperus_strigosus,56555794,-87.23389,32.98306
Cyperus_strigosus,245520661,139.678033,35.465763
Cyperus_strigosus,1269677736,-91.195667,30.413
Cyperus_strigosus,1894977538,-105.838333,22.71
Cyperus_strigosus,1259953675,-91.7111,38.9328
Cyperus_strigosus,1322143273,-77.0514,38.94
Cyperus_strigosus,1988787367,-84.237707,42.023047
Cyperus_strigosus,1260933373,-93.698889,37.552778
Cyperus_strigosus,1989019156,-84.03412,41.91098
Cyperus_strigosus,1260955626,-92.54277,38.07333
Cyperus_strigosus,245520663,139.528047,35.38244
Cyperus_strigosus,1259954904,-89.8965,37.8062
Cyperus_strigosus,415980177,-72.74138,41.84416
Cyperus_strigosus,415980170,-73.13305,41.18444
Cyperus_strigosus,1038930062,-72.9217,41.3961
Cyperus_strigosus,1989244943,-84.061916,43.430238
Cyperus_strigosus,606661105,-71.87027,41.57055
Cyperus_strigosus,1988998239,-84.177454,43.092985
Cyperus_strigosus,1989464887,-87.659239,45.11201
Cyperus_strigosus,1804402476,-82.669444,41.7291669990627
Cyperus_strigosus,1261000975,-90.92611,39.01111
Cyperus_strigosus,2265516148,-93.116441,45.057502
Cyperus_strigosus,606656760,-72.35305,41.3425
Cyperus_strigosus,415980175,-72.75694,42.025
Cyperus_strigosus,415980174,-72.60694,42.02527
Cyperus_strigosus,176924576,-98.187636,37.651547
Cyperus_strigosus,176924540,-97.98181,38.66254
Cyperus_strigosus,1260962806,-94.28361,37.625
Cyperus_strigosus,1092710964,-100.075951,42.788703
Cyperus_strigosus,176924612,-98.26375,37.46399
Cyperus_strigosus,415980172,-72.09944,41.35555
Cyperus_strigosus,1804370376,-82.633333,41.833333
Cyperus_strigosus,415980202,-73.35777,41.14138
Cyperus_strigosus,176924610,-95.47487,37.43049
Cyperus_strigosus,415980171,-72.14861,41.31722
Cyperus_strigosus,176924611,-95.20625,37.12005
Cyperus_strigosus,606655268,-72.55638,41.265
Cyperus_strigosus,1899330285,-78.15,44.2
Cyperus_strigosus,1988641025,-84.141488,43.329554
Cyperus_strigosus,2265515620,-91.917245,44.233108
Cyperus_strigosus,1929236520,-75.65,41.08
Cyperus_strigosus,2265516803,-92.759467,43.724883
Cyperus_strigosus,1455172837,-73.2,45.566667
Cyperus_strigosus,2265515837,-92.879241,43.739626
Cyperus_strigosus,245520660,139.665534,35.449098
Cyperus_strigosus,415980352,-90.54277,41.82277
Cyperus_strigosus,2265516840,-92.85361,43.73414
Cyperus_strigosus,699268743,-73.93027,42.07027
Cyperus_strigosus,473441986,-73.548712,45.460203
Cyperus_strigosus,1260051068,-90.218611,38.567778
Cyperus_strigosus,1455172801,-74.6,45.816667
Cyperus_strigosus,2265515931,-92.50145,43.51793
Cyperus_strigosus,1260952168,-92.85666,37.70416
Cyperus_strigosus,699268734,-74.78333,40.85833
Cyperus_strigosus,2265515612,-93.558229,45.284891
Cyperus_strigosus,2265515877,-93.070724,45.304386
Cyperus_strigosus,1697950257,-95.683333,50.15
Cyperus_strigosus,1228161556,-87.821185,42.584742
Cyperus_strigosus,1989360288,-86.3,41.95
Cyperus_strigosus,56555827,-86.32667,32.55695
Cyperus_strigosus,415980181,-72.24944,41.80833
Cyperus_strigosus,415980176,-72.25,41.80833
Cyperus_strigosus,1260952170,-93.77805,38.36861
Cyperus_strigosus,176924672,-99.557063,37.36991
Cyperus_strigosus,1611935570,-104.0625,30.533333
Cyperus_strigosus,56555801,-85.94361,31.80722
Cyperus_strigosus,1260936283,-92.63611,39.49361
Cyperus_strigosus,56555739,-87.71639,32.38722
Cyperus_strigosus,1260936284,-92.63666,39.47916
Cyperus_strigosus,245520662,139.653034,35.474095
Cyperus_strigosus,1260947749,-93.84083,36.59111
Cyperus_strigosus,2234238256,-72.563611,41.358056
Cyperus_strigosus,2265516942,-91.939111,44.243599
Cyperus_strigosus,1899352282,-82.833333,42.033333
Cyperus_strigosus,245520665,139.678032,35.474096
Cyperus_strigosus,1899352203,-81.813889,42.638889
Cyperus_strigosus,2265517397,-93.081463,45.340658
Cyperus_strigosus,1260936302,-92.69083,39.50944
Cyperus_strigosus,2265516601,-94.895945,44.506793
Cyperus_strigosus,1899352224,-82.55,42.233333
Cyperus_strigosus,1030472577,-86.2,42.9
Cyperus_strigosus,2265517432,-94.916062,44.50706
Cyperus_strigosus,473525547,-73.8532,45.3662
Cyperus_strigosus,51814096,-123.1942,44.6009
Cyperus_strigosus,1321003763,-77.4278,38.8389
Cyperus_strigosus,2265517191,-92.76414,45.217153
Cyperus_strigosus,217050340,-87.02666,32.915
Cyperus_strigosus,2270577954,-110.555,32.1518
Cyperus_strigosus,51814088,-123.2417,44.5413
Cyperus_strigosus,1929985965,-100.18411,35.884974
Cyperus_strigosus,2234664389,-82.968848,37.085513
Cyperus_strigosus,1804417610,-77.733333,44
Cyperus_strigosus,56555785,-87.27028,34.29667
Cyperus_strigosus,415980182,-71.14666,42.43361
Cyperus_strigosus,415980351,-88.32666,36.30194
Cyperus_strigosus,1899380738,-80.05,45.066667
Cyperus_strigosus,1899380681,-79.75,44.8
Cyperus_strigosus,1929388235,-74.071471,39.969965
Cyperus_strigosus,415980203,-72.28166,41.785
Cyperus_strigosus,176924595,-97.996047,38.676292
Cyperus_strigosus,176924594,-97.334609,38.59649
Cyperus_strigosus,415980342,-72.66666,42.33333
Cyperus_strigosus,176924593,-97.84756,38.13376
Cyperus_strigosus,1988779589,-86,37.675
Cyperus_strigosus,1038926842,-71.8753,41.4697
Cyperus_strigosus,2265514646,-91.823734,44.118161
Cyperus_strigosus,1899352441,-94.455556,49
Cyperus_strigosus,2265515461,-91.791254,44.131005
Cyperus_strigosus,1899297495,-83.083333,42.116667
Cyperus_strigosus,2265515650,-92.775046,44.854763
Cyperus_strigosus,415925526,-72.60361,41.98972
Cyperus_strigosus,727745198,-95.0808,39.64166
Cyperus_strigosus,415925525,-72.30638,41.88111
Cyperus_strigosus,2265516343,-91.317395,43.71854
Cyperus_strigosus,2234350151,-91.285858,35.55723
Cyperus_strigosus,415925527,-72.17361,41.88638
Cyperus_strigosus,464838613,-71.89174,45.39877
Cyperus_strigosus,176924586,-96.04046,37.00576
Cyperus_strigosus,1846542690,-74.042778,41.153333
Cyperus_strigosus,2265515703,-92.923695,44.992361
Cyperus_strigosus,1804440676,-82.516667,41.966667
Cyperus_strigosus,1899297570,-79.1,43.058333
Cyperus_strigosus,56555727,-85.17028,32.30083
Cyperus_strigosus,1265826015,-120.836317,38.555703
Cyperus_strigosus,1899297573,-78.933333,42.933333
Cyperus_strigosus,176924670,-95.74276,38.22346
Cyperus_strigosus,176924608,-96.57977,38.37223
Cyperus_strigosus,2265517653,-91.250286,43.771295
Cyperus_strigosus,1846542517,-93.839948,38.744269
Cyperus_strigosus,176924562,-97.334996,39.177673
Cyperus_strigosus,1260955833,-90.833889,37.539722
Cyperus_strigosus,176924525,-98.31529,37.85356
Cyperus_strigosus,176924559,-97.582518,38.078517
Cyperus_strigosus,1899380741,-79.383333,44.833333
Cyperus_strigosus,176924627,-95.15985,38.79542
Cyperus_strigosus,176924628,-97.66977,38.0674
Cyperus_strigosus,1455172793,-73.966667,45.466667
Cyperus_strigosus,415980341,-72.97444,40.69722
Cyperus_strigosus,1899298736,-75.966667,44.35
Cyperus_strigosus,1988217547,-82.35,42.77
Cyperus_strigosus,1899332858,-79.1,43.166667
Cyperus_strigosus,176924561,-96.11562,37.36724
Cyperus_strigosus,415980191,-73.49805,41.28138
Cyperus_strigosus,473258283,-73.9833,45.4667
Cyperus_strigosus,415980164,-72.33944,41.78444
Cyperus_strigosus,473258285,-73.963,45.4046
Cyperus_strigosus,1503177211,-92.7167,32.55
Cyperus_strigosus,176924560,-96.01754,39.74949
Cyperus_strigosus,415980205,-72.25361,41.80916
Cyperus_strigosus,56557395,-87.04,38.01
Cyperus_strigosus,2265514385,-94.322478,45.45742
Cyperus_strigosus,415980350,-73.05472,40.66777
Cyperus_strigosus,1846542616,-93.369359,36.006656
Cyperus_strigosus,1988610644,-86.566914,41.976055
Cyperus_strigosus,176924601,-95.59709,39.442
Cyperus_strigosus,176924552,-98.11555,37.68975
Cyperus_strigosus,176924669,-96.06554,37.62846
Cyperus_strigosus,415980348,-72.75388,40.76611
Cyperus_strigosus,176924558,-96.095726,38.86914
Cyperus_strigosus,176924557,-95.318186,39.989655
Cyperus_strigosus,1846542777,-96.044778,30.594414
Cyperus_strigosus,176924542,-95.04774,37.08073
Cyperus_strigosus,1258154331,-93.97,38.04
Cyperus_strigosus,1260947095,-91.723611,39.506667
Cyperus_strigosus,176924524,-97.566933,39.112113
Cyperus_strigosus,176924530,-95.275,38.48889
Cyperus_strigosus,176924556,-95.12708,39.0443
Cyperus_strigosus,176924600,-95.178004,39.633777
Cyperus_strigosus,176924606,-95.20052,37.42382
Cyperus_strigosus,2265515649,-92.89362,45.086762
Cyperus_strigosus,2265516535,-92.913917,45.086703
Cyperus_strigosus,2265516138,-92.764981,45.173516
Cyperus_strigosus,176924607,-97.5749,39.10658
Cyperus_strigosus,176924526,-97.150028,39.127812
Cyperus_strigosus,1989412677,-83.558192,42.642041
Cyperus_strigosus,1038919111,-73.1931,41.7414
Cyperus_strigosus,1260028250,-90.0929,40.9868
Cyperus_strigosus,1899321259,-80.25,42.566667
Cyperus_strigosus,1899298027,-77.583333,43.883333
Cyperus_strigosus,176924609,-95.66996,38.769625
Cyperus_strigosus,176924587,-95.69011,37.18073
Cyperus_strigosus,727725485,-91.53806,36.52444
Cyperus_strigosus,1269625997,-91.176222,30.414625
Cyperus_strigosus,1038995157,-72.5783,41.3792
Cyperus_strigosus,176924543,-94.65021,37.41116
Cyperus_strigosus,1260998810,-90.18917,36.97861
Cyperus_strigosus,176924519,-94.63699,37.44057
Cyperus_strigosus,51813729,-123.0503,44.113
Cyperus_strigosus,176924589,-97.89066,37.38737
Cyperus_strigosus,415937602,-73.64972,43.06527
Cyperus_strigosus,1213616934,-94.766667,33.933333
Cyperus_strigosus,176924520,-95.41019,37.20229
Cyperus_strigosus,1804515873,-75.866667,44.416667
Cyperus_strigosus,176924531,-94.70496,37.39638
Cyperus_strigosus,176924579,-94.68648,38.30067
Cyperus_strigosus,473258279,-74.1785,45.2699
Cyperus_strigosus,415980160,-73.22166,41.70472
Cyperus_strigosus,176924588,-94.65111,37.74766
Cyperus_strigosus,176924585,-94.8186,37.9521
Cyperus_strigosus,176924630,-97.66944,38.07464
Cyperus_strigosus,1258806620,-94.290049,42.06389
Cyperus_strigosus,176924637,-94.9547,39.16765
Cyperus_strigosus,415980162,-73.20888,41.54444
Cyperus_strigosus,176924620,-94.97119,39.15481
Cyperus_strigosus,2242403091,-87.393818,41.57805
Cyperus_strigosus,1258864149,-92.45,32.28333
Cyperus_strigosus,176924544,-95.1335,37.91614
Cyperus_strigosus,176924602,-94.73745,37.03901
Cyperus_strigosus,176924581,-95.11514,37.89439
Cyperus_strigosus,176924536,-95.50014,39.53776
Cyperus_strigosus,176924598,-95.69734,37.74896
Cyperus_strigosus,2265516006,-93.203997,45.428063
Cyperus_strigosus,1989930861,-91.580965,34.780926
Cyperus_strigosus,473258272,-73.945556,45.332778
Cyperus_strigosus,1988792678,-84.39824,43.6905
Cyperus_strigosus,1989930948,-90.789834,35.008147
Cyperus_strigosus,176924566,-97.42753,38.45977
Cyperus_strigosus,1260937265,-90.82,38.47
Cyperus_strigosus,176924635,-94.79329,38.01001
Cyperus_strigosus,176924582,-98.0092,38.59016
Cyperus_strigosus,176924583,-95.70603,39.30794
Cyperus_strigosus,176924580,-97.39928,39.34832
Cyperus_strigosus,176924621,-95.4552,37.3468
Cyperus_strigosus,176924632,-96.97538,39.81804
Cyperus_strigosus,176924584,-94.70062,37.57199
Cyperus_strigosus,176924534,-97.582885,38.078996
Cyperus_strigosus,176924671,-94.63944,37.05408
Cyperus_strigosus,1928708161,-73.119842,40.65445
Cyperus_strigosus,415980204,-72.83944,41.71944
Cyperus_strigosus,217050337,-87.5,33.3
Cyperus_strigosus,2270577986,-111.30854,33.71581
Cyperus_strigosus,217050341,-87.75361,33.33556
Cyperus_strigosus,56555761,-87.8575,32.63778
Cyperus_strigosus,176924568,-97.656385,38.079489
Cyperus_strigosus,176924590,-95.24319,37.58226
Cyperus_strigosus,176924667,-95.32725,38.75568
Cyperus_strigosus,473258259,-73.9048,45.3468
Cyperus_strigosus,473258266,-73.8619,45.3636
Cyperus_strigosus,176924563,-95.18636,38.804001
Cyperus_strigosus,1930499276,-73.878112,40.863363
Cyperus_strigosus,176924565,-94.72832,38.17392
Cyperus_strigosus,176924623,-95.671215,37.69959
Cyperus_strigosus,1931311893,-73.833132,40.850673
Cyperus_strigosus,176924577,-100.231424,39.362995
Cyperus_strigosus,176924604,-97.92998,38.0578
Cyperus_strigosus,176924597,-94.69609,37.47534
Cyperus_strigosus,176924571,-95.69138,37.16144
Cyperus_strigosus,473258252,-73.8565,45.3688
Cyperus_strigosus,176924569,-98.91593,37.37501
Cyperus_strigosus,176924573,-94.74413,37.02375
Cyperus_strigosus,176924631,-94.78134,39.17104
Cyperus_strigosus,176924572,-95.53028,39.66427
Cyperus_strigosus,176924537,-98.003206,38.655316
Cyperus_strigosus,176924551,-95.161523,38.75569
Cyperus_strigosus,415979817,-70.7875,41.31666
Cyperus_strigosus,176924625,-95.6887,39.48818
Cyperus_strigosus,176924575,-95.62281,39.00437
Cyperus_strigosus,176924574,-95.17775,39.63535
Cyperus_strigosus,1038977970,-73.2072,41.5614
Cyperus_strigosus,176924596,-95.150028,39.127812
Cyperus_strigosus,2265515897,-91.312564,43.543897
Cyperus_strigosus,473258248,-73.95,45.333333
Cyperus_strigosus,727725444,-94.64181,37.04372
Cyperus_strigosus,2265515685,-94.068583,44.152457
Cyperus_strigosus,1340028947,-75.649444,45.15
Cyperus_strigosus,2242402604,-87.639968,41.645042
Cyperus_strigosus,1322229447,-77.8392,38.7922
Cyperus_strigosus,1318998435,-76.3342,39.33
Cyperus_strigosus,1989292383,-83.806323,42.275954
Cyperus_strigosus,1321761964,-76.9078,39.0347
Cyperus_strigosus,176924545,-94.746773,39.07243
Cyperus_strigosus,2265517261,-92.817348,45.084979
Cyperus_strigosus,1988220784,-92.5,48.5
Cyperus_strigosus,2265515983,-92.81735,45.08498
Cyperus_strigosus,1986926095,-120.495909,37.637907
Cyperus_strigosus,1317577958,-76.8208,38.9875
Cyperus_strigosus,1989469077,-83.24528,41.97583
Cyperus_strigosus,1988775116,-83.662835,42.300243
Cyperus_strigosus,1228472091,-87.85,41.8333
Cyperus_strigosus,1322987735,-77.715,39.1367
Cyperus_strigosus,1318221043,-76.9172,38.9711
Cyperus_strigosus,176924547,-97.862338,39.911091
Cyperus_strigosus,1258003193,-92.126389,35.906111
Cyperus_strigosus,2265515447,-94.188647,44.065133
Cyperus_strigosus,2265517015,-93.081077,45.427323
Cyperus_strigosus,176924521,-96.41768,38.6611
Cyperus_strigosus,1038937620,-73.4375,41.8575
Cyperus_strigosus,1038953451,-72.920823,41.305111
Cyperus_strigosus,1989216562,-86.361204,42.122778
Cyperus_strigosus,1988798151,-85.449638,42.60398
Cyperus_strigosus,1989930845,-90.942829,34.970622
Cyperus_strigosus,56555797,-87.52834,33.21722
Cyperus_strigosus,176924548,-98.56828,38.10492
Cyperus_strigosus,2265516870,-93.815508,44.204412
Cyperus_strigosus,1988798473,-86.40531,43.892425
Cyperus_strigosus,56556986,-86.25,34.33333
Cyperus_strigosus,1988847970,-86.137346,43.245037
Cyperus_strigosus,1989401760,-85.82178,43.61087
Cyperus_strigosus,1261955511,-74.025,45.494722
Cyperus_strigosus,1989067441,-86.116275,43.229686
Cyperus_strigosus,176924549,-94.70965,39.07618
Cyperus_strigosus,1989507422,-85.814863,42.131442
Cyperus_strigosus,1988242880,-71.85,45.37
Cyperus_strigosus,1261966185,-73.971844,45.335813
Cyperus_strigosus,1321691758,-76.9342,38.9392
Cyperus_strigosus,465087585,-73.10574,45.04921
Cyperus_strigosus,1988966951,-85.52121,42.04476
Cyperus_strigosus,1899301959,-80.366667,42.583333
Cyperus_strigosus,1322250104,-77.5058,38.8169
Cyperus_strigosus,1320658987,-77.4775,39.1011
Cyperus_strigosus,1228462129,-87.42365,41.528369
Cyperus_strigosus,176924550,-97.19372,39.56719
Cyperus_strigosus,56555820,-87.44611,32.87555
Cyperus_strigosus,1322622878,-76.9536,38.5244
Cyperus_strigosus,1228507867,-86.6667,41.7
Cyperus_strigosus,1319116177,-77.7133,38.8236
Cyperus_strigosus,1213635133,-88.471111,39.520278
Cyperus_strigosus,1322895915,-77.1614,38.6989
Cyperus_strigosus,1261950688,-73.572222,45.11
Cyperus_strigosus,1320080682,-76.5767,38.9583
Cyperus_strigosus,1988127446,-73.12,45.05
Cyperus_strigosus,1317597961,-76.5714,39.1072
Cyperus_strigosus,176924554,-95.32023,38.57455
Cyperus_strigosus,176924528,-95.77917,38.97904
Cyperus_strigosus,2265516479,-92.970382,48.45227
Cyperus_strigosus,176924599,-95.626093,39.000784
Cyperus_strigosus,176924668,-94.75561,37.02451
Cyperus_strigosus,1988692695,-86.104985,42.586533
Cyperus_strigosus,1320645404,-77.0447,39.0922
Cyperus_strigosus,1319916352,-77.145,38.8417
Cyperus_strigosus,1989375326,-86.452583,43.955283
Cyperus_strigosus,415980329,-71.65,42.13333
Cyperus_strigosus,51814610,-124.0592,42.6062
Cyperus_strigosus,2265517232,-94.431802,44.326359
Cyperus_strigosus,1321969602,-77.2972,38.5081
Cyperus_strigosus,1320307876,-77.4656,38.9161
Cyperus_strigosus,51814636,-123.2608,44.5647
Cyperus_strigosus,2265516532,-94.042456,45.587156
Cyperus_strigosus,1322710273,-76.4361,38.2042
Cyperus_strigosus,415980340,-70.28277,41.65277
Cyperus_strigosus,51814870,-119.3414,45.9175
Cyperus_strigosus,1038985317,-72.9247,41.3114
Cyperus_strigosus,1039005081,-72.9183,41.5114
Cyperus_strigosus,176924592,-100.452024,37.17185
Cyperus_strigosus,1038951239,-72.9039,41.5114
Cyperus_strigosus,176924570,-100.442533,37.167512
Cyperus_strigosus,2234674217,-79.03931,35.915043
Cyperus_strigosus,1038951540,-72.9317,41.4069
Cyperus_strigosus,1038999145,-72.4392,41.7664
Cyperus_strigosus,1038979632,-72.88,41.605
Cyperus_strigosus,1931078938,-75.878587,40.289383
Cyperus_strigosus,415980328,-71.17083,42.32416
Cyperus_strigosus,1319412628,-77.3067,38.8461
Cyperus_strigosus,415949460,-71.10555,42.375
Cyperus_strigosus,2265517747,-92.83305,45.057568
Cyperus_strigosus,1930183720,-75.281168,40.593618
Cyperus_strigosus,1228455083,-87.836667,41.665556
Cyperus_strigosus,51814518,-123.3272,42.4392
Cyperus_strigosus,415980188,-73.265,41.43666
Cyperus_strigosus,441732413,-117.38033,46.63692
Cyperus_strigosus,1988986945,-85.95361,42.97222
Cyperus_strigosus,2265515708,-94.07601,45.282397
Cyperus_strigosus,2265515348,-92.7409,46.374946
Cyperus_strigosus,2265516612,-93.234418,45.392004
Cyperus_strigosus,1038950923,-72.6789,41.9944
Cyperus_strigosus,1989930921,-90.72261,35.013147
Cyperus_strigosus,1320542544,-76.9994,38.9347
Cyperus_strigosus,1930181872,-73.886688,40.898396
Cyperus_strigosus,2265516772,-95.028893,49.344621
Cyperus_strigosus,2265516349,-92.628844,43.543578
Cyperus_strigosus,1318136866,-77.2886,38.9981
Cyperus_strigosus,1319681652,-77.7064,38.8664
Cyperus_strigosus,2265516859,-93.698793,45.692047
Cyperus_strigosus,1319333561,-77.0508,38.7894
Cyperus_strigosus,1928799563,-75.642229,40.583151
Cyperus_strigosus,1228173810,-87.6081,41.56809
Cyperus_strigosus,1318395226,-76.9372,38.9806
Cyperus_strigosus,415980339,-85.53277,42.12
Cyperus_strigosus,2265515464,-93.494831,46.110955
Cyperus_strigosus,1228185404,-87.7025,41.72
Cyperus_strigosus,1039002205,-72.6788,41.9945
Cyperus_strigosus,1318764975,-77.7111,38.8242
Cyperus_strigosus,2265517648,-93.045502,45.079894
Cyperus_strigosus,2265516829,-92.814208,44.99172
Cyperus_strigosus,1928661553,-73.802933,40.869907
Cyperus_strigosus,176924567,-94.62839,37.89618
Cyperus_strigosus,1090531942,-76.4833,42.4333
Cyperus_strigosus,176924553,-94.70595,37.83466
Cyperus_strigosus,1318660361,-78.0433,38.8644
Cyperus_strigosus,2265516685,-93.63824,46.134982
Cyperus_strigosus,1260971587,-92.056111,37.691667
Cyperus_strigosus,1930087629,-76.999438,38.937591
Cyperus_strigosus,1928628964,-74.516317,39.392094
Cyperus_strigosus,415980180,-71.90916,41.56583
Cyperus_strigosus,1930524783,-79.418371,40.301736
Cyperus_strigosus,1320749076,-76.625,39.1625
Cyperus_strigosus,1258102596,-92.173333,38.576667
Cyperus_strigosus,1988148627,-82.83,42.17
Cyperus_strigosus,1929571908,-72.821831,40.94519
Cyperus_strigosus,1929847022,-74.37202,40.638709
Cyperus_strigosus,415940917,-71.04194,41.96944
Cyperus_strigosus,415980337,-77.24027,37.39722
Cyperus_strigosus,415980336,-76.96972,38.9125
Cyperus_strigosus,1931197698,-73.462825,40.864454
Cyperus_strigosus,1989214692,-83.81667,42.3
Cyperus_strigosus,415926526,-71.41666,41.83333
Cyperus_strigosus,1989484682,-73.878143,40.862412
Cyperus_strigosus,2265514944,-93.336336,44.779131
Cyperus_strigosus,1930089526,-77.464436,40.863124
Cyperus_strigosus,1261951632,-72.15,45.666667
Cyperus_strigosus,1988092408,-80.38,42.83
Cyperus_strigosus,1928034492,-74.441201,40.642048
Cyperus_strigosus,1928291545,-74.079507,40.642594
Cyperus_strigosus,1989344850,-87.65,45.11667
Cyperus_strigosus,1260975806,-89.6116,36.3519
Cyperus_strigosus,1322153319,-76.9844,38.9328
Cyperus_strigosus,1989249468,-83.812103,42.332308
Cyperus_strigosus,1320913577,-76.9664,38.9103
Cyperus_strigosus,176924591,-95.269788,39.532271
Cyperus_strigosus,415980187,-72.51027,41.58527
Cyperus_strigosus,1038961319,-72.44006,41.411152
Cyperus_strigosus,2242402226,-76.925557,39.0002
Cyperus_strigosus,1318815456,-77.3158,38.3922
Cyperus_strigosus,1228458671,-87.650052,41.850033
Cyperus_strigosus,1930824793,-74.436129,40.622024
Cyperus_strigosus,699269237,-71.53222,42.79638
Cyperus_strigosus,415980338,-79.16638,38.57972
Cyperus_strigosus,2265515648,-96.367859,43.979723
Cyperus_strigosus,1930203286,-74.738344,40.874715
Cyperus_strigosus,1321729531,-77.5636,38.7528
Cyperus_strigosus,2265519399,-93.92562,46.17827
Cyperus_strigosus,1261974000,-73.803786,45.366294
Cyperus_strigosus,1261973956,-72.690556,46.286111
Cyperus_strigosus,1260962910,-91.83388,37.79111
Cyperus_strigosus,1988755669,-76.992856,43.262229
Cyperus_strigosus,1929732321,-73.557009,40.652332
Cyperus_strigosus,415980189,-72.62777,41.66611
Cyperus_strigosus,415980190,-72.07555,41.31972
Cyperus_strigosus,1930751564,-73.00819,40.88169
Cyperus_strigosus,1986873348,-83.27821,33.967059
Cyperus_strigosus,1988867883,-82.894111,42.411493
Cyperus_strigosus,1986873465,-83.359145,33.941035
Cyperus_strigosus,1986873337,-83.324743,33.961324
Cyperus_strigosus,1228320971,-88.212282,41.265032
Cyperus_strigosus,1317656587,-76.9828,38.875
Cyperus_strigosus,1257829926,-90.4872,38.719
Cyperus_strigosus,1258890843,-92.77527,36.73388
Cyperus_strigosus,1257826198,-90.81666,38.48972
Cyperus_strigosus,1930006659,-72.291123,40.997424
Cyperus_strigosus,2265516691,-93.255535,45.080985
Cyperus_strigosus,1931057310,-73.643298,40.681573
Cyperus_strigosus,1989500778,-82.54275,42.61763
Cyperus_strigosus,1038972976,-72.3942,41.4797
Cyperus_strigosus,1928816361,-73.113541,40.830162
Cyperus_strigosus,1930377791,-73.103395,40.929151
Cyperus_strigosus,1927897217,-73.114399,40.829383
Cyperus_strigosus,1039010246,-72.8042,41.4592
Cyperus_strigosus,51814745,-119.3328,45.9134
Cyperus_strigosus,1261977179,-75.740278,45.374444
Cyperus_strigosus,1930808264,-73.687768,40.757075
Cyperus_strigosus,1929365679,-73.825973,40.707107
Cyperus_strigosus,1929550665,-73.618912,40.703545
Cyperus_strigosus,1928432518,-73.82849,40.7617
Cyperus_strigosus,1930673544,-73.883834,40.680417
Cyperus_strigosus,1930107145,-73.619803,40.70286
Cyperus_strigosus,1930464231,-73.610153,40.663002
Cyperus_strigosus,1928780027,-73.562295,40.721221
Cyperus_strigosus,1927919950,-73.823697,40.616088
Cyperus_strigosus,1257829899,-90.4225,38.66083
Cyperus_strigosus,1257831638,-90.35722,38.5925
Cyperus_strigosus,1038949400,-73.3145,41.6523
Cyperus_strigosus,1989525361,-83.612994,42.24115
Cyperus_strigosus,1039006166,-73.4399,41.2069
Cyperus_strigosus,1260938761,-91.358333,39.708333
Cyperus_strigosus,2265516853,-93.557589,44.98888
Cyperus_strigosus,1989371025,-86.271344,41.827722
Cyperus_strigosus,1988999640,-83.215453,42.31109
Cyperus_strigosus,1988765996,-83.134368,42.273372
Cyperus_strigosus,1989304507,-83.14909,42.47652
Cyperus_strigosus,1928558587,-74.379654,40.446165
Cyperus_strigosus,1928721468,-74.388346,40.679642
Cyperus_strigosus,1931103816,-75.97605,39.947823
Cyperus_strigosus,1930989438,-75.850203,40.227038
Cyperus_strigosus,1928530467,-73.891739,40.874985
Cyperus_strigosus,1930364985,-76.018558,39.748442
Cyperus_strigosus,1928808339,-74.067008,40.829273
Cyperus_strigosus,415980353,-72.43777,42.14972
Cyperus_strigosus,1989475607,-86.18618,42.05509
Cyperus_strigosus,1260928616,-92.7,40.491389
Cyperus_strigosus,1931307069,-74.936862,38.942396
Cyperus_strigosus,1039007732,-72.8575,41.2992
Cyperus_strigosus,1228567757,-87.8667,41.15
Cyperus_strigosus,1928031204,-74.015273,40.829266
Cyperus_strigosus,1930134384,-75.102397,39.90678
Cyperus_strigosus,415980344,-70.91944,41.84027
Cyperus_strigosus,1260959017,-94.485,36.545556
Cyperus_strigosus,1257829066,-94.46277,37.14638
Cyperus_strigosus,1038997393,-71.8325,41.5799
Cyperus_strigosus,1320274505,-77.1583,38.9753
Cyperus_strigosus,1260958496,-94.462778,37.146389
Cyperus_strigosus,1260939362,-91.4975,40.04277
Cyperus_strigosus,415980343,-70.89083,42.59013
Cyperus_strigosus,176924518,-95.29903,39.018232
Cyperus_strigosus,1320812511,-77.0628,38.9047
Cyperus_strigosus,1039007091,-72.1432,41.6153
Cyperus_strigosus,1929330055,-74.528821,40.066038
Cyperus_strigosus,1260928265,-90.075,36.493333
Cyperus_strigosus,1038940919,-72.5289,41.4514
Cyperus_strigosus,1260928346,-91.575278,36.986944
Cyperus_strigosus,1928298412,-73.788457,42.446193
Cyperus_strigosus,1228447964,-87.816313,41.829788
Cyperus_strigosus,1929365072,-73.752089,40.600623
Cyperus_strigosus,1257826467,-94.44416,37.25694
Cyperus_strigosus,1038964897,-73.1463,41.2965
Cyperus_strigosus,1039017282,-73.44,41.2069
Cyperus_strigosus,415980201,-72.61194,41.78222
Cyperus_strigosus,1039023315,-73.0518,41.489
Cyperus_strigosus,1930406892,-76.424613,42.440096
Cyperus_strigosus,1930434844,-71.135895,42.377477
Cyperus_strigosus,1038974980,-73.2735,41.1779
Cyperus_strigosus,1038933158,-73.196,41.1932
Cyperus_strigosus,1038937343,-71.8987,41.6992
Cyperus_strigosus,1986900312,-71.141955,42.382677
Cyperus_strigosus,1931165605,-73.638065,40.667048
Cyperus_strigosus,1989318700,-83.18111,42.24333
Cyperus_strigosus,1038962759,-72.5967,41.6669
Cyperus_strigosus,1038959465,-73.036,41.5583
Cyperus_strigosus,1988885654,-86.160936,42.071133
Cyperus_strigosus,1928897223,-74.064029,39.994962
Cyperus_strigosus,1928934207,-73.734417,40.659784
Cyperus_strigosus,1039013366,-72.717,41.367
Cyperus_strigosus,415980349,-71.98166,41.27305
Cyperus_strigosus,1039021633,-72.6153,41.7636
Cyperus_strigosus,415980197,-72.685,41.76361
Cyperus_strigosus,786129610,-86.9,40.4
Cyperus_strigosus,1930946127,-75.313898,39.743852
Cyperus_strigosus,415980194,-72.66611,41.80222
Cyperus_strigosus,415980199,-72.60805,41.71222
Cyperus_strigosus,1928007984,-77.002927,38.982091
Cyperus_strigosus,51813619,-122.6208,45.3514
Cyperus_strigosus,1321584959,-77.1428,38.9689
Cyperus_strigosus,1927975583,-71.95194,41.035935
Cyperus_strigosus,1317701440,-77.0403,38.79
Cyperus_strigosus,1929590892,-76.131502,39.518407
Cyperus_strigosus,1228295630,-87.633102,41.633368
Cyperus_strigosus,1038947521,-73.135,41.4314
Cyperus_strigosus,1927858159,-73.716186,40.603345
Cyperus_strigosus,1038946063,-73.4258,41.9861
Cyperus_strigosus,1038985047,-72.3439,41.3964
Cyperus_strigosus,1928952709,-73.82738,40.912729
Cyperus_strigosus,1929204158,-74.964836,38.936868
Cyperus_strigosus,1038945217,-72.1044,41.3539
Cyperus_strigosus,1930520861,-73.887094,40.884359
Cyperus_strigosus,51813611,-122.6056,45.3575
Cyperus_strigosus,1320469043,-76.9842,38.8664
Cyperus_strigosus,1228166920,-86,40
Cyperus_strigosus,1228517976,-87.346427,41.59337
