decimal_longitude,decimal_latitude,taxon_name,gbif_id
-120.467331,34.468166,Atriplex_semibaccata,2270245106
15.159113,-26.641263,Atriplex_semibaccata,1801080512
144.7956,-32.9867,Atriplex_semibaccata,1937343195
150.262117,-35.609596,Atriplex_semibaccata,1915925262
-120.749479,35.190477,Atriplex_semibaccata,2270223857
2.157,41.355,Atriplex_semibaccata,1842877847
2.0144,41.4274,Atriplex_semibaccata,1842906795
115.826902,-31.985824,Atriplex_semibaccata,1805873096
2.0049,41.4264,Atriplex_semibaccata,1842844986
151.273,-33.8956,Atriplex_semibaccata,1142182684
148.420833,-28.500278,Atriplex_semibaccata,1835229098
-119.45878,35.97324,Atriplex_semibaccata,2270176683
36.9,0.29,Atriplex_semibaccata,2305005114
2.786944,41.67,Atriplex_semibaccata,1949959334
35.569444,32.731944,Atriplex_semibaccata,1697854283
-102.054805,22.225028,Atriplex_semibaccata,1897528454
151.301944,-25.580833,Atriplex_semibaccata,1652378136
144.977778,-37.824167,Atriplex_semibaccata,995452719
133.896,-23.695,Atriplex_semibaccata,1257382087
144.413453,-34.23295,Atriplex_semibaccata,996237919
2.01159,41.414784,Atriplex_semibaccata,876152110
1.98,41.5,Atriplex_semibaccata,1842874676
136.226111,-33.854722,Atriplex_semibaccata,1061528725
-120.82437,35.355348,Atriplex_semibaccata,2270176323
2.014503,41.428671,Atriplex_semibaccata,876152136
-120.672418,35.306072,Atriplex_semibaccata,2270233548
149.13,-35.8828,Atriplex_semibaccata,993721603
116.019444,-30.893611,Atriplex_semibaccata,1132256917
147.55,-42.78,Atriplex_semibaccata,994574375
151.71477,-27.35213,Atriplex_semibaccata,1652348639
149.175334,-23.524237,Atriplex_semibaccata,1652370822
145.491944,-22.436389,Atriplex_semibaccata,1652390620
151.72,-32.82,Atriplex_semibaccata,1132255932
136.293056,-34.209167,Atriplex_semibaccata,1061528650
137.47742,-35.76713,Atriplex_semibaccata,1454383036
151.525009,-27.658996,Atriplex_semibaccata,1652342504
-13.86,28.85,Atriplex_semibaccata,1851579629
138.48471,-34.777337,Atriplex_semibaccata,992079733
141.1675,-33.2158,Atriplex_semibaccata,993720189
121.809444,-33.691111,Atriplex_semibaccata,996960696
145.583,-33.2758,Atriplex_semibaccata,996214860
145.729,-33.3072,Atriplex_semibaccata,996214377
27.125,-26.625,Atriplex_semibaccata,685191882
141.323889,-34.131667,Atriplex_semibaccata,995438978
147.4,-42.9,Atriplex_semibaccata,994573541
140.608889,-34.286944,Atriplex_semibaccata,992082733
150.901935,-32.50012,Atriplex_semibaccata,1073790204
144.9158,-37.8394,Atriplex_semibaccata,995423018
24.35,-29.171944,Atriplex_semibaccata,2005459040
19.625,-32.875,Atriplex_semibaccata,685191881
149.681,-29.7458,Atriplex_semibaccata,1061575107
149.6806,-29.7458,Atriplex_semibaccata,1132246625
149.680556,-29.745833,Atriplex_semibaccata,1936929158
144.80474,-24.83791,Atriplex_semibaccata,1652351210
19.661389,-32.880556,Atriplex_semibaccata,2005458128
138.478889,-34.783333,Atriplex_semibaccata,992067653
150.044713,-32.242528,Atriplex_semibaccata,1073769889
-1.415,37.815,Atriplex_semibaccata,211644346
-3.02,34.54,Atriplex_semibaccata,318104178
150.996387,-33.971663,Atriplex_semibaccata,1451966815
150.996387,-33.971664,Atriplex_semibaccata,1061582145
147.880895,-21.248373,Atriplex_semibaccata,1652345019
17.375,-30.375,Atriplex_semibaccata,685191884
149.114786,-28.372819,Atriplex_semibaccata,1652339469
119.912595,-33.630834,Atriplex_semibaccata,996954310
144.6458,-37.7972,Atriplex_semibaccata,995410800
144.646901,-37.795915,Atriplex_semibaccata,992074810
150.83,-33.68,Atriplex_semibaccata,996175709
150.874881,-33.726053,Atriplex_semibaccata,1061581302
150.883679,-33.723419,Atriplex_semibaccata,1061581483
151.878921,-25.462235,Atriplex_semibaccata,1652290248
-111.732,33.3646,Atriplex_semibaccata,2270688173
151.8781,-25.4636,Atriplex_semibaccata,995414346
-109.561111,31.313611,Atriplex_semibaccata,1895927482
120.86469,-30.43175,Atriplex_semibaccata,996910509
-122.272786,38.037844,Atriplex_semibaccata,2332535966
-0.1842,38.0247,Atriplex_semibaccata,1936694946
-16.65,28.011111,Atriplex_semibaccata,1697710058
-106.155278,31.498611,Atriplex_semibaccata,1611941090
-106.155,31.4986,Atriplex_semibaccata,2270685949
145.172222,-38.5,Atriplex_semibaccata,1257402644
-10.1872,29.3642,Atriplex_semibaccata,1936197788
-10.1857,29.3585,Atriplex_semibaccata,317817914
-111.513,33.565,Atriplex_semibaccata,2270685594
-1.18,38.06,Atriplex_semibaccata,318104144
120.122833,-33.540717,Atriplex_semibaccata,996927837
149.149,-35.2786,Atriplex_semibaccata,996196425
149.1486,-35.2786,Atriplex_semibaccata,993667817
149.148,-35.2758,Atriplex_semibaccata,1227968865
149.1483,-35.2758,Atriplex_semibaccata,993717257
-105.792,31.2205,Atriplex_semibaccata,2270690755
-105.791722,31.220528,Atriplex_semibaccata,1611941461
17.125,-30.125,Atriplex_semibaccata,461654826
17.125,-29.875,Atriplex_semibaccata,461654827
116.243056,-30.689167,Atriplex_semibaccata,996892566
116.142,-29.815,Atriplex_semibaccata,996179950
150.723,-28.762,Atriplex_semibaccata,996169249
150.742499,-28.585494,Atriplex_semibaccata,1652183467
25.5111,-32.2914,Atriplex_semibaccata,996090344
20.375,-29.375,Atriplex_semibaccata,461654828
120.864722,-30.433056,Atriplex_semibaccata,996909121
150.141173,-32.091176,Atriplex_semibaccata,1074134964
150.127152,-32.105988,Atriplex_semibaccata,1074134130
17.400833,-30.481667,Atriplex_semibaccata,2005454327
17.4475,-30.579167,Atriplex_semibaccata,2005479044
140.5361,-34.2361,Atriplex_semibaccata,993735271
-13.55,29.03,Atriplex_semibaccata,1050642335
17.375,-30.125,Atriplex_semibaccata,461654824
17.625,-30.125,Atriplex_semibaccata,461654825
116.161169,-29.71542,Atriplex_semibaccata,996868971
116.030893,-29.857089,Atriplex_semibaccata,996867741
-158.089,21.545,Atriplex_semibaccata,1090300283
133.018333,-31.921111,Atriplex_semibaccata,992054664
36.82944,31.83278,Atriplex_semibaccata,1701351712
149.1167,-35.2667,Atriplex_semibaccata,993656195
-109.268611,31.323889,Atriplex_semibaccata,1895927561
-106.82061,32.24953,Atriplex_semibaccata,1843898219
-117.089817,32.615377,Atriplex_semibaccata,1846499893
-158.006,21.3771,Atriplex_semibaccata,1090175632
-158.038,21.2262,Atriplex_semibaccata,1322153124
138.511944,-34.951389,Atriplex_semibaccata,992031090
138.6808,-35.5358,Atriplex_semibaccata,1805860374
149.349039,-31.656883,Atriplex_semibaccata,1073395691
114.9,-29.3,Atriplex_semibaccata,996825125
149.886,-30.948,Atriplex_semibaccata,996172629
150.058,-31.026,Atriplex_semibaccata,996172221
-158.077,21.3667,Atriplex_semibaccata,35315436
145.399199,-22.144138,Atriplex_semibaccata,1652182667
145.399,-22.144,Atriplex_semibaccata,996226745
148.437,-36.8881,Atriplex_semibaccata,996177447
115.345051,-29.146256,Atriplex_semibaccata,996831882
148.438191,-36.886512,Atriplex_semibaccata,1451710484
149.1194,-35.275,Atriplex_semibaccata,993589931
-2.4,36.833,Atriplex_semibaccata,30659654
-2.4,36.83,Atriplex_semibaccata,1053986596
-2.4069,36.8266,Atriplex_semibaccata,1936649774
-2.41,36.830002,Atriplex_semibaccata,211620164
117.013,-31.6228,Atriplex_semibaccata,996023498
117.013333,-31.622778,Atriplex_semibaccata,996835493
150.710939,-30.47708,Atriplex_semibaccata,1073848734
137.9211,-33.2975,Atriplex_semibaccata,992049375
137.92101,-33.2977,Atriplex_semibaccata,1085396312
24.875,-33.375,Atriplex_semibaccata,461654819
-2.467,36.942,Atriplex_semibaccata,204401401
-112.967,32.9167,Atriplex_semibaccata,2270592020
138.577222,-34.825833,Atriplex_semibaccata,992044651
23.375,-28.375,Atriplex_semibaccata,461654821
-111.735633,33.363158,Atriplex_semibaccata,1846489612
117.597083,-31.808806,Atriplex_semibaccata,996799606
-65.43333,-23.68333,Atriplex_semibaccata,1259650205
-110.213,31.843,Atriplex_semibaccata,2270606824
19.625,-33.125,Atriplex_semibaccata,461654585
-110.209,31.8614,Atriplex_semibaccata,2270616110
23.375,-33.375,Atriplex_semibaccata,461654822
-13.93,28.7,Atriplex_semibaccata,318104087
149.648287,-31.168917,Atriplex_semibaccata,1073386496
-111.1285,33.66912,Atriplex_semibaccata,1846534098
-120.484167,35.664722,Atriplex_semibaccata,2270176093
-1.76,37.380001,Atriplex_semibaccata,30658288
149.993499,-31.486467,Atriplex_semibaccata,1073396847
150.747052,-28.844024,Atriplex_semibaccata,1073436726
147.307501,-33.26635,Atriplex_semibaccata,1073893572
-65.81666,-24.58333,Atriplex_semibaccata,1259649755
147.810658,-33.482071,Atriplex_semibaccata,1073899264
-1.87,37.279999,Atriplex_semibaccata,30659712
-1.667,37.701,Atriplex_semibaccata,211643822
-97.471833,18.4975,Atriplex_semibaccata,1894417517
141.71,-35.7108,Atriplex_semibaccata,993576889
151.125619,-28.835569,Atriplex_semibaccata,1652274726
-7.6572,31.5464,Atriplex_semibaccata,1936616026
26.492222,-28.968333,Atriplex_semibaccata,2005438716
26.498083,-29.969417,Atriplex_semibaccata,2291866730
-113.514167,37.391111,Atriplex_semibaccata,1928489398
138.508611,-34.809722,Atriplex_semibaccata,992014031
-102.014444,22.285556,Atriplex_semibaccata,1897954125
-113.5776,37.09134,Atriplex_semibaccata,1929823557
117.995456,-30.701325,Atriplex_semibaccata,996759914
-109.661,31.4361,Atriplex_semibaccata,2270511399
140.33859,-34.18596,Atriplex_semibaccata,1085373379
-103.120278,23.948611,Atriplex_semibaccata,1897954211
140.76824,-34.06379,Atriplex_semibaccata,1085372462
140.714167,-34.064167,Atriplex_semibaccata,992042007
140.574167,-34.412222,Atriplex_semibaccata,992042193
140.781944,-34.051944,Atriplex_semibaccata,992041885
140.338611,-34.185833,Atriplex_semibaccata,992043860
140.767,-34.2444,Atriplex_semibaccata,1085374624
140.588889,-34.312778,Atriplex_semibaccata,992042312
140.766944,-34.244167,Atriplex_semibaccata,992043637
140.50452,-34.39987,Atriplex_semibaccata,1085374024
140.78192,-34.05197,Atriplex_semibaccata,1085374692
140.533333,-34.329444,Atriplex_semibaccata,992042101
140.504444,-34.399722,Atriplex_semibaccata,992044044
140.7141,-34.06437,Atriplex_semibaccata,1085372111
140.546389,-34.371944,Atriplex_semibaccata,992044018
140.39149,-34.25288,Atriplex_semibaccata,1085373250
140.348333,-34.165278,Atriplex_semibaccata,992043916
140.3484,-34.16552,Atriplex_semibaccata,1085373790
140.391389,-34.252778,Atriplex_semibaccata,992043888
138.499722,-34.765278,Atriplex_semibaccata,992015265
140.58891,-34.31291,Atriplex_semibaccata,1085372528
140.768333,-34.063611,Atriplex_semibaccata,992041898
140.53327,-34.32946,Atriplex_semibaccata,1085371949
139.31156,-35.41636,Atriplex_semibaccata,1085376097
139.3504,-35.00805,Atriplex_semibaccata,1085375082
139.62521,-34.24349,Atriplex_semibaccata,1085376785
139.625278,-34.243333,Atriplex_semibaccata,992043436
139.311667,-35.416111,Atriplex_semibaccata,992044082
139.66106,-34.15793,Atriplex_semibaccata,1085376958
139.350278,-35.008056,Atriplex_semibaccata,992044019
139.661111,-34.157778,Atriplex_semibaccata,992043636
139.441667,-34.858611,Atriplex_semibaccata,992042908
141.803,-36.802,Atriplex_semibaccata,1142181664
147.511656,-32.134908,Atriplex_semibaccata,1073882786
147.527127,-32.018963,Atriplex_semibaccata,1073882716
147.138053,-32.217079,Atriplex_semibaccata,1073881439
147.750142,-32.214901,Atriplex_semibaccata,1073882832
147.940819,-32.470836,Atriplex_semibaccata,1073884881
116.9556,-30.4031,Atriplex_semibaccata,993641796
-120.46975,34.875233,Atriplex_semibaccata,2270253724
116.955621,-30.403195,Atriplex_semibaccata,996741130
-120.4816,34.880167,Atriplex_semibaccata,2270253072
147.838302,-32.08179,Atriplex_semibaccata,1073886732
147.803189,-32.003117,Atriplex_semibaccata,1073886759
147.702228,-32.793915,Atriplex_semibaccata,1073887117
114.765311,-27.845972,Atriplex_semibaccata,996694572
147.856866,-32.703228,Atriplex_semibaccata,1073887411
8.29028,0.15028,Atriplex_semibaccata,1230495509
-98.892167,20.200972,Atriplex_semibaccata,1893980682
-113.56005,37.088317,Atriplex_semibaccata,683960209
147.653877,-32.241864,Atriplex_semibaccata,1073893311
-113.583,37.104,Atriplex_semibaccata,1986947259
147.222347,-32.785172,Atriplex_semibaccata,1073891099
147.5715,-30.8905,Atriplex_semibaccata,2289784719
-113.584123,37.104148,Atriplex_semibaccata,811857406
117.940962,-31.052524,Atriplex_semibaccata,996724137
-0.45,38.36,Atriplex_semibaccata,318104092
116.568799,-31.036429,Atriplex_semibaccata,996724042
147.439764,-33.192071,Atriplex_semibaccata,1073894310
147.547231,-33.363328,Atriplex_semibaccata,1073898609
147.330112,-33.357348,Atriplex_semibaccata,1073896963
138.571111,-34.836111,Atriplex_semibaccata,992013100
138.605833,-34.803056,Atriplex_semibaccata,992014988
147.781337,-33.277535,Atriplex_semibaccata,1073897490
147.834416,-33.367719,Atriplex_semibaccata,1073897330
147.354501,-33.304532,Atriplex_semibaccata,1073899710
147.093789,-33.28689,Atriplex_semibaccata,1073898986
149.951713,-29.470807,Atriplex_semibaccata,1073436305
147.339183,-32.082193,Atriplex_semibaccata,1073285676
116.033333,-30.266667,Atriplex_semibaccata,996789206
-117.46583,33.295,Atriplex_semibaccata,1258665437
138.831944,-32.981389,Atriplex_semibaccata,992004903
138.83325,-32.97984,Atriplex_semibaccata,1084030250
146.734104,-33.035591,Atriplex_semibaccata,1073906159
147.35969,-33.083876,Atriplex_semibaccata,1073910807
-112.073,33.4483,Atriplex_semibaccata,2270585947
143.9158,-35.7225,Atriplex_semibaccata,1257363754
117.966667,-31.933333,Atriplex_semibaccata,996699525
118.521389,-31.909722,Atriplex_semibaccata,996752976
21.125,-28.375,Atriplex_semibaccata,461654851
-0.7688,38.0057,Atriplex_semibaccata,1936581381
116.479247,-31.272932,Atriplex_semibaccata,996715760
118.469796,-31.211797,Atriplex_semibaccata,996715648
116.728414,-31.315152,Atriplex_semibaccata,996715826
116.62397,-31.303764,Atriplex_semibaccata,996716221
116.618133,-31.097929,Atriplex_semibaccata,996718548
116.868971,-31.410985,Atriplex_semibaccata,996716220
144.843747,-32.994022,Atriplex_semibaccata,1451585278
117.836749,-31.611531,Atriplex_semibaccata,996718440
117.135357,-31.255702,Atriplex_semibaccata,996729165
144.8425,-32.995556,Atriplex_semibaccata,1936949951
117.090356,-31.225702,Atriplex_semibaccata,996715952
116.858133,-31.119871,Atriplex_semibaccata,996718549
133.8778,-23.6917,Atriplex_semibaccata,993521971
117.12537,-32.107711,Atriplex_semibaccata,996718333
116.616468,-31.178485,Atriplex_semibaccata,996714373
117.771196,-31.774311,Atriplex_semibaccata,996729602
147.354832,-32.975989,Atriplex_semibaccata,1073879535
116.805647,-31.990158,Atriplex_semibaccata,996719986
22.516667,-32.983333,Atriplex_semibaccata,996664291
-67.916667,-16.933333,Atriplex_semibaccata,1257909499
120.904821,-33.327345,Atriplex_semibaccata,996663686
121.0273,-29.6913,Atriplex_semibaccata,992024860
-0.533,38.368,Atriplex_semibaccata,1851387318
25.375,-31.625,Atriplex_semibaccata,461654817
-0.53,38.36,Atriplex_semibaccata,1501056545
24.625,-31.625,Atriplex_semibaccata,461654818
134.46789,-32.60627,Atriplex_semibaccata,1085331174
134.466389,-32.607778,Atriplex_semibaccata,992019702
134.309444,-32.541389,Atriplex_semibaccata,992020430
-117.120833,32.729167,Atriplex_semibaccata,1846496924
134.31072,-32.53999,Atriplex_semibaccata,1085331046
134.940833,-33.401389,Atriplex_semibaccata,992017852
-116.841667,31.991667,Atriplex_semibaccata,1894814396
134.94232,-33.39989,Atriplex_semibaccata,1085340030
117.846578,-33.705726,Atriplex_semibaccata,996912614
139.101667,-30.409444,Atriplex_semibaccata,992011711
147.903939,-29.113721,Atriplex_semibaccata,1451582833
147.90277,-29.11527,Atriplex_semibaccata,415951568
147.903,-29.1153,Atriplex_semibaccata,995866747
-111.964,33.35,Atriplex_semibaccata,2270589080
149.375828,-24.611617,Atriplex_semibaccata,1652235468
120.05,-33.42,Atriplex_semibaccata,996643799
17.125,-28.375,Atriplex_semibaccata,461654849
116.8,-32,Atriplex_semibaccata,996671654
28.375,-25.625,Atriplex_semibaccata,461654816
-111.67361,33.51722,Atriplex_semibaccata,1258501794
-111.6736,33.5172,Atriplex_semibaccata,993523927
139.224722,-30.406389,Atriplex_semibaccata,992009080
-111.91,33.42,Atriplex_semibaccata,2270587112
139.22596,-30.40492,Atriplex_semibaccata,1085326382
136.77274,-33.58766,Atriplex_semibaccata,1085320947
136.48753,-33.7738,Atriplex_semibaccata,1085318410
136.486111,-33.775278,Atriplex_semibaccata,992003177
136.100556,-33.559167,Atriplex_semibaccata,992003197
136.10185,-33.55772,Atriplex_semibaccata,1085319024
136.771389,-33.589167,Atriplex_semibaccata,992003190
139.068875,-35.063167,Atriplex_semibaccata,992621764
115.75,-29.4167,Atriplex_semibaccata,993522124
115.75,-29.42,Atriplex_semibaccata,996710846
116.060345,-30.352094,Atriplex_semibaccata,996596934
26.875,-33.375,Atriplex_semibaccata,461654815
137.75,-32.48,Atriplex_semibaccata,992626567
149.2333,-35.3667,Atriplex_semibaccata,994024948
137.769692,-32.502887,Atriplex_semibaccata,992630376
-1.01,37.71,Atriplex_semibaccata,211643831
137.8,-32.5,Atriplex_semibaccata,992631090
149.23,-35.37,Atriplex_semibaccata,995888649
149.234538,-35.365108,Atriplex_semibaccata,1451591925
151.825801,-26.073547,Atriplex_semibaccata,1652154834
118.116667,-32.243056,Atriplex_semibaccata,996620260
27.125,-33.375,Atriplex_semibaccata,461654848
142.2375,-34.2556,Atriplex_semibaccata,995129767
-0.44,38.37,Atriplex_semibaccata,318103904
-2.5182,36.9623,Atriplex_semibaccata,1936626564
-70.2833,-23.6167,Atriplex_semibaccata,1936690443
-0.55,38.39,Atriplex_semibaccata,1501065520
-0.79,38.46,Atriplex_semibaccata,1501055494
-0.46,38.34,Atriplex_semibaccata,1050642703
-0.4725,38.3421,Atriplex_semibaccata,1936688352
18.625,-33.625,Atriplex_semibaccata,461654850
-0.52,38.39,Atriplex_semibaccata,318103980
-0.51,38.36,Atriplex_semibaccata,1501069400
150.648611,-31.511111,Atriplex_semibaccata,995523002
-0.54,38.34,Atriplex_semibaccata,318103966
-0.5528,38.3348,Atriplex_semibaccata,1936687031
-1.193,38.092,Atriplex_semibaccata,211643829
21.625,-30.125,Atriplex_semibaccata,685191885
139.116667,-35.15,Atriplex_semibaccata,992610500
117.907343,-33.883499,Atriplex_semibaccata,996579544
-9.67139,30.49056,Atriplex_semibaccata,1831514906
-105.911263437224,28.5827696608824,Atriplex_semibaccata,1893935887
-0.534,38.359001,Atriplex_semibaccata,204421526
-0.53,38.37,Atriplex_semibaccata,1501057071
-0.53,38.35,Atriplex_semibaccata,1050618104
-0.54,38.349998,Atriplex_semibaccata,30930926
-0.534,38.359,Atriplex_semibaccata,895142962
-0.46,38.36,Atriplex_semibaccata,1501072226
-0.5408,38.3525,Atriplex_semibaccata,1936518808
-0.51,38.34,Atriplex_semibaccata,318103814
-105.456900893514,29.1729649641007,Atriplex_semibaccata,1893935848
-0.533,38.377,Atriplex_semibaccata,1851349545
-100.808333,27.408333,Atriplex_semibaccata,1893935834
-120.590549,36.90226,Atriplex_semibaccata,1846534074
138.533611,-32.843889,Atriplex_semibaccata,992617116
138.53485,-32.84232,Atriplex_semibaccata,1085279087
-0.51,38.33,Atriplex_semibaccata,1501071551
-0.52,38.37,Atriplex_semibaccata,1501062699
138.37161,-34.49846,Atriplex_semibaccata,1085265412
-158.23,21.57,Atriplex_semibaccata,1930552631
27.625,-26.875,Atriplex_semibaccata,461654812
138.4,-34.5,Atriplex_semibaccata,992620342
-158.233,21.5667,Atriplex_semibaccata,35318565
-0.47,38.34,Atriplex_semibaccata,1501062367
143.0333,-30.6333,Atriplex_semibaccata,994001497
121.5,-30.85,Atriplex_semibaccata,993471504
151.30915,-27.490214,Atriplex_semibaccata,1652202218
-65.35,-23.41666,Atriplex_semibaccata,1260821911
121.5,-30.8,Atriplex_semibaccata,996543255
149.859177,-28.456888,Atriplex_semibaccata,1652204679
144.9333,-36.4,Atriplex_semibaccata,995140364
147.509196,-26.440234,Atriplex_semibaccata,1652204722
17.9,-24.533333,Atriplex_semibaccata,2289360910
-111.909,33.4147,Atriplex_semibaccata,2270588344
-2.445,36.842,Atriplex_semibaccata,30659540
-2.4517,36.8358,Atriplex_semibaccata,1936627319
-106.239578,35.501547,Atriplex_semibaccata,1843819358
135.965,-34.505,Atriplex_semibaccata,992604078
115.457778,-29.139444,Atriplex_semibaccata,996571444
136.04567,-34.16795,Atriplex_semibaccata,1085207574
115.4578,-29.1394,Atriplex_semibaccata,993473058
136.044167,-34.169444,Atriplex_semibaccata,992607666
135.96644,-34.50338,Atriplex_semibaccata,1085213957
-0.73,39.59,Atriplex_semibaccata,895289264
140.86298,-36.40802,Atriplex_semibaccata,1085226654
140.861667,-36.409444,Atriplex_semibaccata,992601371
-116.666861,31.866694,Atriplex_semibaccata,1894064213
-116.675,31.875,Atriplex_semibaccata,1894813958
116.665,-31.652,Atriplex_semibaccata,996549533
138.507778,-35.056944,Atriplex_semibaccata,991993067
140.851667,-36.380833,Atriplex_semibaccata,992583974
-9.5825,29.88389,Atriplex_semibaccata,1701352571
139.133333,-30.075,Atriplex_semibaccata,992575933
147.76787,-33.398442,Atriplex_semibaccata,1451514969
147.77,-33.4,Atriplex_semibaccata,995714952
-120.5694,34.79373,Atriplex_semibaccata,2270252801
137.716667,-34.349167,Atriplex_semibaccata,992593658
137.99979,-33.44181,Atriplex_semibaccata,1085178059
137.998333,-33.443333,Atriplex_semibaccata,992592618
137.55656,-35.00256,Atriplex_semibaccata,1085170956
137.555278,-35.003889,Atriplex_semibaccata,992593792
137.5375,-35.0808,Atriplex_semibaccata,992593355
137.71797,-34.34763,Atriplex_semibaccata,1085173400
137.53876,-35.07927,Atriplex_semibaccata,1085170968
139.040556,-33.464167,Atriplex_semibaccata,992598713
-0.62,38.37,Atriplex_semibaccata,318103592
138.983611,-33.654722,Atriplex_semibaccata,992600952
139.0418,-33.46268,Atriplex_semibaccata,1085179386
138.98505,-33.65314,Atriplex_semibaccata,1085179133
139.216667,-34.75,Atriplex_semibaccata,992583301
-0.4,38.35,Atriplex_semibaccata,318103594
139.1,-35.15,Atriplex_semibaccata,992561374
138.536111,-34.809444,Atriplex_semibaccata,992549454
26.875,-27.875,Atriplex_semibaccata,461654847
139.5,-34.4667,Atriplex_semibaccata,993697288
21.125,-31.125,Atriplex_semibaccata,461654807
-103.540539127582,20.0056264611407,Atriplex_semibaccata,1893935913
138.066667,-33.833333,Atriplex_semibaccata,992558327
149.2667,-35.35,Atriplex_semibaccata,993399425
150.938659,-33.794258,Atriplex_semibaccata,1451505426
139.366667,-34.8,Atriplex_semibaccata,992556816
150.9375,-33.795833,Atriplex_semibaccata,995685954
148.3944,-36.9422,Atriplex_semibaccata,995106402
-119.8745,34.0234999991246,Atriplex_semibaccata,2270176105
-106.620833,31.973611,Atriplex_semibaccata,2290592873
20.625,-33.375,Atriplex_semibaccata,461654808
-99.058657,19.374721,Atriplex_semibaccata,1893935828
140.9,-36.4,Atriplex_semibaccata,992568321
20.875,-33.625,Atriplex_semibaccata,461654846
16.375,-28.625,Atriplex_semibaccata,461654811
139.017222,-33.828333,Atriplex_semibaccata,992576607
21.625,-34.125,Atriplex_semibaccata,461654804
138.62418,-34.93959,Atriplex_semibaccata,1084029317
138.622778,-34.941111,Atriplex_semibaccata,992612000
-71.5,-32.5,Atriplex_semibaccata,574960621
139.483611,-34.700556,Atriplex_semibaccata,992560297
-16.89,28.33,Atriplex_semibaccata,318103790
139.64708,-34.63912,Atriplex_semibaccata,1085303364
139.48503,-34.699,Atriplex_semibaccata,1085300600
-64.616944,-32.184444,Atriplex_semibaccata,2248047502
25.375,-29.125,Atriplex_semibaccata,461654806
144.097,-33.1436,Atriplex_semibaccata,995694388
144.098205,-33.142085,Atriplex_semibaccata,1451509003
139.18103,-35.52396,Atriplex_semibaccata,1085333008
139.222222,-34.821389,Atriplex_semibaccata,992560201
139.179722,-35.525278,Atriplex_semibaccata,992560323
23.375,-30.625,Atriplex_semibaccata,461654805
139.22359,-34.82005,Atriplex_semibaccata,1085340075
150.751166,-34.065094,Atriplex_semibaccata,1451499843
150.75,-34.07,Atriplex_semibaccata,995674367
138.420556,-32.854444,Atriplex_semibaccata,992570956
138.364167,-33.521389,Atriplex_semibaccata,992570939
138.36544,-33.51997,Atriplex_semibaccata,1085481460
138.4218,-32.85303,Atriplex_semibaccata,1085455161
-120.683,35.264,Atriplex_semibaccata,2270176418
138.298333,-33.060833,Atriplex_semibaccata,992570969
118,-33,Atriplex_semibaccata,996670349
138.29959,-33.05929,Atriplex_semibaccata,1085482643
138.006389,-33.608056,Atriplex_semibaccata,992570983
150.75,-30.4,Atriplex_semibaccata,994928991
150.733333,-30.4,Atriplex_semibaccata,995505976
150.95,-33.77,Atriplex_semibaccata,995685185
150.951158,-33.765091,Atriplex_semibaccata,1451504649
149.15,-35.3667,Atriplex_semibaccata,993361338
139,-33.983333,Atriplex_semibaccata,992530348
139.3167,-34.95,Atriplex_semibaccata,1936439022
143.8306,-36.8778,Atriplex_semibaccata,995101971
143.525,-38.125,Atriplex_semibaccata,995102756
144.9333,-37.7833,Atriplex_semibaccata,995073640
149.409174,-26.956891,Atriplex_semibaccata,1652112926
144.42,-37.67,Atriplex_semibaccata,995759827
144.5167,-37.6833,Atriplex_semibaccata,995080234
148.80918,-26.590227,Atriplex_semibaccata,1652112955
144.43434,-37.68194,Atriplex_semibaccata,994445002
144.438291,-37.674805,Atriplex_semibaccata,992540594
25.625,-29.125,Atriplex_semibaccata,461654841
-101.000171677012,25.4336806391948,Atriplex_semibaccata,1893935839
144.5833,-37.6833,Atriplex_semibaccata,994720302
-70.46484,-25.00832,Atriplex_semibaccata,2269392301
167.93055,-29.00277,Atriplex_semibaccata,1261454757
167.9306,-29.0028,Atriplex_semibaccata,993943374
167.934167,-29.0025,Atriplex_semibaccata,1897746787
-105.66666,31.15,Atriplex_semibaccata,1261454512
-120.4674,34.7709999991157,Atriplex_semibaccata,2270176891
19.125,-31.125,Atriplex_semibaccata,461654845
139.32,-34.95,Atriplex_semibaccata,994484482
139.316667,-34.95,Atriplex_semibaccata,1897750061
24.375,-28.375,Atriplex_semibaccata,461654840
138.9,-35.266667,Atriplex_semibaccata,992524381
26.625,-33.375,Atriplex_semibaccata,461654844
149.0833,-35.3,Atriplex_semibaccata,993356706
25.875,-33.375,Atriplex_semibaccata,461654843
-118.958247,34.187251,Atriplex_semibaccata,2270280508
147.97,-40.17,Atriplex_semibaccata,995946644
24.625,-28.375,Atriplex_semibaccata,461654838
145.3333,-30.8667,Atriplex_semibaccata,993348715
-158.283333,21.566667,Atriplex_semibaccata,1897829735
149.15,-35.33,Atriplex_semibaccata,1937036566
149.15,-35.3333,Atriplex_semibaccata,993349563
149.151205,-35.331775,Atriplex_semibaccata,1451536129
149.2333,-35.3333,Atriplex_semibaccata,993349236
24.875,-34.125,Atriplex_semibaccata,461654802
149.23,-35.33,Atriplex_semibaccata,1937287973
149.234537,-35.331774,Atriplex_semibaccata,1451536109
140.833333,-34.05,Atriplex_semibaccata,992511864
-112.693,33.9345,Atriplex_semibaccata,2270586313
17.125,-28.875,Atriplex_semibaccata,461654803
145.859184,-19.873587,Atriplex_semibaccata,1652082959
-116.333,31.0833,Atriplex_semibaccata,1846533980
146.001248,-34.565128,Atriplex_semibaccata,1451487652
146,-34.57,Atriplex_semibaccata,995646757
146,-35,Atriplex_semibaccata,996330238
146,-34.5667,Atriplex_semibaccata,993940751
-120.809933,35.345042,Atriplex_semibaccata,2270176771
143.3167,-34.9,Atriplex_semibaccata,993902084
-99.025,20.15,Atriplex_semibaccata,1895483121
-99.025,20.158333,Atriplex_semibaccata,1893935722
-99.026111,20.105,Atriplex_semibaccata,1893636238
16.375,-27.625,Atriplex_semibaccata,461654842
-109.88333,27.11666,Atriplex_semibaccata,1259340251
25.375,-26.625,Atriplex_semibaccata,461654798
25.875,-26.625,Atriplex_semibaccata,461654800
16.875,-28.875,Atriplex_semibaccata,461654835
16.875,-25.375,Atriplex_semibaccata,461654820
150.942467,-23.356891,Atriplex_semibaccata,1652083716
150.9258,-23.306891,Atriplex_semibaccata,1652083732
150.75,-34.05,Atriplex_semibaccata,995055655
150.751166,-34.048427,Atriplex_semibaccata,1451480174
150.95,-31.0833,Atriplex_semibaccata,993634345
150.95,-31.083333,Atriplex_semibaccata,995493254
23.625,-30.375,Atriplex_semibaccata,461654785
25.625,-31.875,Atriplex_semibaccata,461654787
23.375,-30.375,Atriplex_semibaccata,461654786
150.951124,-31.081755,Atriplex_semibaccata,1451486791
23.625,-30.125,Atriplex_semibaccata,461654784
150.95,-31.08,Atriplex_semibaccata,995644961
26.875,-30.125,Atriplex_semibaccata,461654790
138.666667,-34.75,Atriplex_semibaccata,992461143
138.7167,-34.75,Atriplex_semibaccata,993927829
138.716667,-34.75,Atriplex_semibaccata,992461168
138.65,-34.65,Atriplex_semibaccata,992461039
22.375,-33.125,Atriplex_semibaccata,461654792
19.125,-34.375,Atriplex_semibaccata,461654837
25.625,-26.625,Atriplex_semibaccata,461654834
-96.487822,16.969713,Atriplex_semibaccata,1893636241
-96.478333,16.953333,Atriplex_semibaccata,1893636237
-96.491884346611,16.9725962147893,Atriplex_semibaccata,1893935927
-96.4729748864495,16.967845499573,Atriplex_semibaccata,1893935786
145.25,-30.85,Atriplex_semibaccata,995759754
145.251219,-30.848457,Atriplex_semibaccata,1451535554
-100.95,25.433333,Atriplex_semibaccata,1895483125
-1.67,37.5,Atriplex_semibaccata,318103858
-0.54,38.33,Atriplex_semibaccata,895268840
-1.6777,37.4967,Atriplex_semibaccata,1936101005
-0.5,38.331,Atriplex_semibaccata,1851398483
-0.5074,38.3248,Atriplex_semibaccata,1936101866
-0.5,38.33,Atriplex_semibaccata,1050657697
-1.671,37.503,Atriplex_semibaccata,1851321197
142.2833,-34.35,Atriplex_semibaccata,995049769
141.4,-36.125,Atriplex_semibaccata,994725792
-111.899208,33.533091,Atriplex_semibaccata,1846534014
142.35,-36.6333,Atriplex_semibaccata,994924160
142.05,-36.5167,Atriplex_semibaccata,994924304
141.775,-36.7083,Atriplex_semibaccata,994924288
-111.743,33.5171,Atriplex_semibaccata,2270583744
-115.258333,28.325,Atriplex_semibaccata,1893415025
-115.233611,28.150556,Atriplex_semibaccata,1896078752
138.633333,-34.85,Atriplex_semibaccata,992481152
-115.18071932448,28.0352742764407,Atriplex_semibaccata,1893935906
138.6333,-34.85,Atriplex_semibaccata,993916725
-111.911445,33.494419,Atriplex_semibaccata,2270481989
133.8333,-23.7,Atriplex_semibaccata,1061549951
115.861389,-31.954722,Atriplex_semibaccata,996385715
-116.108333,30.491667,Atriplex_semibaccata,1893935865
167.9333,-29,Atriplex_semibaccata,993453802
26.125,-28.875,Atriplex_semibaccata,461654796
151.109152,-27.356882,Atriplex_semibaccata,1652048719
-98.9128573689448,19.4228899104929,Atriplex_semibaccata,1893935893
147.8667,-37.5333,Atriplex_semibaccata,994894165
142.334391,-34.715363,Atriplex_semibaccata,992532442
139.216667,-34.933333,Atriplex_semibaccata,992500414
-68.033333,-16.633333,Atriplex_semibaccata,2291533361
139.12,-35.15,Atriplex_semibaccata,992463862
139.233333,-35.083333,Atriplex_semibaccata,992499984
139.23437,-35.08197,Atriplex_semibaccata,994528196
-96.47661,16.96108,Atriplex_semibaccata,2270508908
-155.967,19.6,Atriplex_semibaccata,35315963
143.7333,-36.1333,Atriplex_semibaccata,994924207
17.875,-29.375,Atriplex_semibaccata,461654793
18.375,-31.625,Atriplex_semibaccata,461654794
144.2167,-36.1333,Atriplex_semibaccata,994924350
143.0333,-31.6167,Atriplex_semibaccata,993319801
147.9667,-40.1667,Atriplex_semibaccata,995205563
145.25,-35.8833,Atriplex_semibaccata,994924188
145.7833,-36,Atriplex_semibaccata,994924371
118.62,-33.95,Atriplex_semibaccata,995615975
25.375,-32.125,Atriplex_semibaccata,461654791
145.65,-35.9,Atriplex_semibaccata,994924169
150.92,-30.93,Atriplex_semibaccata,995637599
150.756721,-34.068427,Atriplex_semibaccata,1451480796
150.916667,-30.933333,Atriplex_semibaccata,1937158390
-98.927222,19.4825,Atriplex_semibaccata,1419232446
150.9167,-30.9333,Atriplex_semibaccata,993634324
143.95,-35.5333,Atriplex_semibaccata,994924388
150.755556,-34.07,Atriplex_semibaccata,995628687
25.375,-27.625,Atriplex_semibaccata,461654797
150.91779,-30.931755,Atriplex_semibaccata,1451484508
139.366667,-35.366667,Atriplex_semibaccata,992422520
144.8167,-37.7694,Atriplex_semibaccata,995294376
150.858333,-33.766667,Atriplex_semibaccata,2291341592
150.858,-33.77,Atriplex_semibaccata,995759708
144.78,-34.8,Atriplex_semibaccata,995759630
144.784605,-34.798476,Atriplex_semibaccata,1451535575
150.859493,-33.765092,Atriplex_semibaccata,1451535755
-116.667,31.8667,Atriplex_semibaccata,2270507917
141.8167,-36.8333,Atriplex_semibaccata,995055791
139.566667,-34.7,Atriplex_semibaccata,992415653
139.416667,-34.7,Atriplex_semibaccata,992414804
144.8333,-37.7167,Atriplex_semibaccata,995022935
140.566667,-34.45,Atriplex_semibaccata,992446394
-61.400833,-30.229722,Atriplex_semibaccata,2248048737
144.9,-37.8333,Atriplex_semibaccata,994888104
-98.883333,19.516667,Atriplex_semibaccata,2270512302
139.801369,-36.89855,Atriplex_semibaccata,994265901
-98.902778,19.435833,Atriplex_semibaccata,1895291494
139.8,-36.9,Atriplex_semibaccata,992422296
21.875,-34.375,Atriplex_semibaccata,461654832
144.8167,-37.8,Atriplex_semibaccata,994745221
116.646944,-31.491111,Atriplex_semibaccata,996385706
-64.190833,-31.390833,Atriplex_semibaccata,2248048951
139.573056,-33.988333,Atriplex_semibaccata,992446407
139.867777,-36.83206,Atriplex_semibaccata,992422359
147.8333,-37.4,Atriplex_semibaccata,994924244
-116.61778,31.76083,Atriplex_semibaccata,1893935833
146.75,-37.8833,Atriplex_semibaccata,994924266
147.25,-38.1333,Atriplex_semibaccata,994924226
26.125,-29.125,Atriplex_semibaccata,461654799
20.06666,-33.78333,Atriplex_semibaccata,1261454581
20.13333,-33.78333,Atriplex_semibaccata,1261454562
149.101206,-35.298442,Atriplex_semibaccata,1451488891
-98.869444,19.466667,Atriplex_semibaccata,1895291550
28.375,-27.875,Atriplex_semibaccata,461654765
-98.881667,19.465,Atriplex_semibaccata,1896147362
149.1,-35.3,Atriplex_semibaccata,995650306
-98.8747556243759,19.4683889019468,Atriplex_semibaccata,1895483110
149.7167,-34.7333,Atriplex_semibaccata,993306301
141.9833,-35.7833,Atriplex_semibaccata,994867031
29.375,-23.875,Atriplex_semibaccata,461654781
18.875,-24.875,Atriplex_semibaccata,461654783
18.375,-24.375,Atriplex_semibaccata,461654768
151.05,-33.8,Atriplex_semibaccata,995759710
139.116667,-35.05,Atriplex_semibaccata,992417640
142.2333,-34.2,Atriplex_semibaccata,994866823
142.3667,-34.5167,Atriplex_semibaccata,994886134
21.125,-33.875,Atriplex_semibaccata,461654778
22.125,-33.875,Atriplex_semibaccata,461654770
151.051157,-33.798423,Atriplex_semibaccata,1451535791
-98.9450996959794,19.5870011509358,Atriplex_semibaccata,1893935961
140.75,-34.166667,Atriplex_semibaccata,992403868
-99.053333,19.549722,Atriplex_semibaccata,1896078741
-98.9014881314984,19.4320085193145,Atriplex_semibaccata,1893935863
-98.905278,19.430278,Atriplex_semibaccata,1895291485
-1.8701,37.4897,Atriplex_semibaccata,1936112307
-119.003963,35.174288,Atriplex_semibaccata,2270176275
-116.175,31.108333,Atriplex_semibaccata,1893935756
23.625,-32.875,Atriplex_semibaccata,461654774
23.125,-32.625,Atriplex_semibaccata,461654773
22.875,-32.625,Atriplex_semibaccata,461654775
22.875,-32.875,Atriplex_semibaccata,461654772
21.875,-32.125,Atriplex_semibaccata,461654836
-98.8625,19.549722,Atriplex_semibaccata,1895291548
26.125,-30.625,Atriplex_semibaccata,461654779
-98.883333,19.438333,Atriplex_semibaccata,1893636240
150.22,-32.1,Atriplex_semibaccata,995759741
150.217818,-32.098429,Atriplex_semibaccata,1451536306
-120.88844,35.27425,Atriplex_semibaccata,2270176440
34.80141,31.248105,Atriplex_semibaccata,1846533808
-68.08333,-16.53333,Atriplex_semibaccata,1261454646
-68.083333,-16.533333,Atriplex_semibaccata,2288672036
144.101274,-34.198479,Atriplex_semibaccata,1451535622
144.1,-34.2,Atriplex_semibaccata,995759633
144.4167,-38.0667,Atriplex_semibaccata,994924536
169.316667,-45.216667,Atriplex_semibaccata,1897829724
140.533333,-34.4,Atriplex_semibaccata,992499010
140.556944,-34.427778,Atriplex_semibaccata,992499215
140.55,-34.433333,Atriplex_semibaccata,992498483
140.583333,-34.441667,Atriplex_semibaccata,992498832
140.547222,-34.380556,Atriplex_semibaccata,992498289
148.225868,-28.64023,Atriplex_semibaccata,1652035711
143.45,-35.1,Atriplex_semibaccata,995759632
-119.795,34.422,Atriplex_semibaccata,2270251444
143.451298,-35.09849,Atriplex_semibaccata,1451535605
-119.8585,34.4269999991198,Atriplex_semibaccata,2270271658
137.68,-34.85,Atriplex_semibaccata,992566564
-101.151667,25.370833,Atriplex_semibaccata,1896078754
145.2667,-30.85,Atriplex_semibaccata,993314490
146.7608,-19.3272,Atriplex_semibaccata,1257400557
-98.881667,19.513333,Atriplex_semibaccata,1893636243
117.75,-29.07,Atriplex_semibaccata,996926680
-98.9040471621198,19.4233029183926,Atriplex_semibaccata,1893935877
-98.9025,19.431944,Atriplex_semibaccata,1896078736
138.45,-35.333333,Atriplex_semibaccata,992417709
18.375,-32.625,Atriplex_semibaccata,461654776
25.875,-28.375,Atriplex_semibaccata,461654760
150.542494,-27.473551,Atriplex_semibaccata,1652033784
23.125,-27.125,Atriplex_semibaccata,461654810
145.6,-35.35,Atriplex_semibaccata,993848049
138.6,-34.7,Atriplex_semibaccata,994924295
138.529722,-34.945556,Atriplex_semibaccata,992384104
21.375,-33.375,Atriplex_semibaccata,461654771
142.9,-36.6333,Atriplex_semibaccata,994725742
-98.8338358810767,19.5337299785582,Atriplex_semibaccata,1893935849
-98.809444,19.556667,Atriplex_semibaccata,1895291459
143.05,-36.4667,Atriplex_semibaccata,994725484
-121.304,35.708335,Atriplex_semibaccata,2270176124
26.375,-33.625,Atriplex_semibaccata,461654769
150.62,-23.4,Atriplex_semibaccata,995759841
-98.86,19.971667,Atriplex_semibaccata,1893636242
-100.943791707237,25.5224793165899,Atriplex_semibaccata,1893935838
-99.219167,20.482222,Atriplex_semibaccata,1896147368
144.97,-34.67,Atriplex_semibaccata,995759636
144.967934,-34.66514,Atriplex_semibaccata,1451535680
24.875,-26.625,Atriplex_semibaccata,461654809
148.4167,-36.8833,Atriplex_semibaccata,994924410
141.183333,-35.266667,Atriplex_semibaccata,996385682
21.375,-34.125,Atriplex_semibaccata,461654766
-68.133333,-16.5,Atriplex_semibaccata,1261454665
141.1833,-35.2667,Atriplex_semibaccata,993263624
147.55,-30.9333,Atriplex_semibaccata,1937159318
121.64,-32.98,Atriplex_semibaccata,996385696
-64.541667,-33.362222,Atriplex_semibaccata,2248048167
24.625,-29.625,Atriplex_semibaccata,461654759
-100.842108656177,25.6150640208299,Atriplex_semibaccata,1893935831
148.75,-31.6167,Atriplex_semibaccata,993847444
-98.628829841805,20.0599072130165,Atriplex_semibaccata,1895483094
149.1167,-35.2833,Atriplex_semibaccata,993845570
116.711667,-30.894722,Atriplex_semibaccata,996259200
-101.008333,25.425,Atriplex_semibaccata,1896147366
-100.80139,26.39306,Atriplex_semibaccata,1893935919
-100.97,25.44,Atriplex_semibaccata,1896078742
-115.2,28.05,Atriplex_semibaccata,1846533877
-119.8511,34.4221999991198,Atriplex_semibaccata,2270266000
145.1833,-30.9167,Atriplex_semibaccata,993243098
-114.6993,36.7188,Atriplex_semibaccata,1930117781
136.283333,-34.533333,Atriplex_semibaccata,992378551
-101.714616787365,22.6279649367865,Atriplex_semibaccata,1893935760
-99.849167,22.698056,Atriplex_semibaccata,1896078758
-98.551667,19.785,Atriplex_semibaccata,1896147358
-99.3334460155355,20.7530562792215,Atriplex_semibaccata,1895483098
-98.833889,21.145833,Atriplex_semibaccata,1895291538
-99.3334430154643,20.7530562792311,Atriplex_semibaccata,1893935946
-111.944479,33.46102,Atriplex_semibaccata,1846533730
116.01,-29.21,Atriplex_semibaccata,996385584
118.266667,-34.016667,Atriplex_semibaccata,996385711
15.375,-23.625,Atriplex_semibaccata,461654789
118.2667,-34.0167,Atriplex_semibaccata,993831751
143.6167,-38.15,Atriplex_semibaccata,994725767
22.375,-33.875,Atriplex_semibaccata,461654758
24.875,-33.125,Atriplex_semibaccata,461654830
144.3333,-37.7333,Atriplex_semibaccata,994924433
-96.981944,17.756944,Atriplex_semibaccata,1896078740
-119.2903,34.423,Atriplex_semibaccata,2270269467
142.42,-34.33,Atriplex_semibaccata,995759855
145.83,-35.17,Atriplex_semibaccata,1937044196
-119.9242,34.0585999991242,Atriplex_semibaccata,2270265471
145.084225,-26.081913,Atriplex_semibaccata,1652030734
142.417966,-34.331829,Atriplex_semibaccata,1451536367
145.834593,-35.165133,Atriplex_semibaccata,1451536392
147.1833,-31.55,Atriplex_semibaccata,993839265
-100.838229588141,25.6209048040431,Atriplex_semibaccata,1895483106
140.8333,-34.0333,Atriplex_semibaccata,993310715
151.02,-32.57,Atriplex_semibaccata,995759738
144,-35.7333,Atriplex_semibaccata,994924238
143.9333,-35.75,Atriplex_semibaccata,994924256
140.940278,-33.979722,Atriplex_semibaccata,992363643
151.017812,-32.565088,Atriplex_semibaccata,1451536241
144.7167,-34.5167,Atriplex_semibaccata,993838672
145.1,-33.2167,Atriplex_semibaccata,993839033
147.1333,-34.8167,Atriplex_semibaccata,993838535
143.15,-36.3167,Atriplex_semibaccata,994924276
117.016667,-31.616667,Atriplex_semibaccata,996385643
117.0167,-31.6167,Atriplex_semibaccata,993263650
115.9667,-29.3833,Atriplex_semibaccata,993462261
143.35,-38.1,Atriplex_semibaccata,994725684
25.625,-33.125,Atriplex_semibaccata,461654746
22.875,-31.375,Atriplex_semibaccata,461654754
147.8833,-40.1333,Atriplex_semibaccata,993442914
147.9,-40.1167,Atriplex_semibaccata,993442894
25.875,-27.625,Atriplex_semibaccata,461654750
144.65,-37.7333,Atriplex_semibaccata,994813358
146.4333,-31.3333,Atriplex_semibaccata,993243053
22.625,-32.125,Atriplex_semibaccata,461654753
146.3667,-31.35,Atriplex_semibaccata,993243853
146.3667,-31.7667,Atriplex_semibaccata,993242754
145.0667,-30.6167,Atriplex_semibaccata,993243802
145.5,-31.15,Atriplex_semibaccata,993243776
144.4333,-37.8833,Atriplex_semibaccata,995009938
119.11,-30.98,Atriplex_semibaccata,996385565
139.359434,-35.640391,Atriplex_semibaccata,992413475
139.358333,-35.641667,Atriplex_semibaccata,992414379
143.5333,-35.3333,Atriplex_semibaccata,993824508
-119.532,34.3980999991201,Atriplex_semibaccata,2270269145
147.0833,-31.7167,Atriplex_semibaccata,993243832
142.8667,-37.4833,Atriplex_semibaccata,994924218
116.5833,-30.8333,Atriplex_semibaccata,993271665
116.5456,-30.8525,Atriplex_semibaccata,996259187
-119.771088,34.016528,Atriplex_semibaccata,2270291320
133.88,-23.75,Atriplex_semibaccata,992342695
27.625,-29.375,Atriplex_semibaccata,461654744
26.875,-31.875,Atriplex_semibaccata,461654756
143.56771,-34.632019,Atriplex_semibaccata,992354545
142.8333,-34.85,Atriplex_semibaccata,995002854
145.675184,-34.546726,Atriplex_semibaccata,992355486
-117.887081,33.629902,Atriplex_semibaccata,2270269140
145.725897,-28.15691,Atriplex_semibaccata,1651965605
-98.7548190496626,20.123086911195,Atriplex_semibaccata,1895291447
-108.86191,32.209647,Atriplex_semibaccata,1843865760
-98.736667,20.123333,Atriplex_semibaccata,1893636244
-158.233,21.55,Atriplex_semibaccata,35315078
-98.737046,20.122144,Atriplex_semibaccata,2270512465
-106.498889,31.808333,Atriplex_semibaccata,1611941814
-98.7087069173073,20.1119765661593,Atriplex_semibaccata,1895291516
-62.804167,-32.769167,Atriplex_semibaccata,2248048687
23.375,-27.375,Atriplex_semibaccata,461654757
23.125,-31.625,Atriplex_semibaccata,461654739
141.92,-34.1,Atriplex_semibaccata,1937061173
139.12,-35.05,Atriplex_semibaccata,994476126
116.566667,-30.766667,Atriplex_semibaccata,996259198
141.917967,-34.0985,Atriplex_semibaccata,1451536344
142.0333,-35.5167,Atriplex_semibaccata,995002863
140.784427,-36.315383,Atriplex_semibaccata,992299498
-65.5775,-34.022222,Atriplex_semibaccata,2248049286
-117.125,32.541667,Atriplex_semibaccata,1893414941
26.375,-33.375,Atriplex_semibaccata,461654749
-98.5520310725666,19.7850431590612,Atriplex_semibaccata,1893935857
144.1833,-35.75,Atriplex_semibaccata,994819474
-109.97,33.04,Atriplex_semibaccata,2270660092
-98.833611,21.145556,Atriplex_semibaccata,1895291473
-98.6175105287971,20.0470638402141,Atriplex_semibaccata,1893935758
-98.635,20.018333,Atriplex_semibaccata,1893636239
-98.6214826333061,20.0500346909303,Atriplex_semibaccata,1895291512
24.875,-29.375,Atriplex_semibaccata,461654727
149.684524,-34.748436,Atriplex_semibaccata,1451536148
149.68,-34.75,Atriplex_semibaccata,1937330191
144.6333,-33.8667,Atriplex_semibaccata,993812703
151.966667,-27.566667,Atriplex_semibaccata,2288090966
151.975808,-27.573544,Atriplex_semibaccata,1651927872
151.1,-32.75,Atriplex_semibaccata,1937043067
151.101145,-32.748421,Atriplex_semibaccata,1451535690
138.016667,-34.066667,Atriplex_semibaccata,992301634
-101.79045892211,22.7087911600158,Atriplex_semibaccata,1893935881
138.966667,-32.975,Atriplex_semibaccata,992413148
-98.9673218814837,19.4883936814631,Atriplex_semibaccata,1895291475
-98.89,19.486667,Atriplex_semibaccata,1259339504
26.125,-33.125,Atriplex_semibaccata,461654731
18.125,-33.125,Atriplex_semibaccata,461654743
146.3333,-33.7667,Atriplex_semibaccata,993807581
146.2333,-34.2333,Atriplex_semibaccata,993807603
146.234339,-34.231998,Atriplex_semibaccata,992302947
146.334333,-33.765329,Atriplex_semibaccata,992302943
143.8167,-35.7,Atriplex_semibaccata,994787903
143.8833,-35.75,Atriplex_semibaccata,995054946
147.08,-33.08,Atriplex_semibaccata,995759640
143.7333,-35.6333,Atriplex_semibaccata,995054935
26.125,-28.375,Atriplex_semibaccata,461654631
147.084544,-33.081781,Atriplex_semibaccata,1451535765
22.625,-33.625,Atriplex_semibaccata,461654642
22.625,-33.375,Atriplex_semibaccata,461654643
19.875,-33.875,Atriplex_semibaccata,461654691
18.375,-34.125,Atriplex_semibaccata,461654647
18.875,-32.125,Atriplex_semibaccata,461654700
-98.9347051348544,19.4954904510983,Atriplex_semibaccata,1893935837
-98.935556,19.493333,Atriplex_semibaccata,1895291522
22.125,-33.375,Atriplex_semibaccata,461654764
-99.175556,20.836667,Atriplex_semibaccata,1896078734
146.17,-30.08,Atriplex_semibaccata,995759755
17.875,-29.625,Atriplex_semibaccata,461654747
146.167865,-30.081785,Atriplex_semibaccata,1451535574
-101.433333,25.566667,Atriplex_semibaccata,1895483102
117.534722,-31.644722,Atriplex_semibaccata,996385763
135.07,-26.27,Atriplex_semibaccata,995759812
26.625,-33.125,Atriplex_semibaccata,461654780
19.875,-33.625,Atriplex_semibaccata,461654735
139.231111,-34.871111,Atriplex_semibaccata,992249906
143.45,-32.68,Atriplex_semibaccata,1937075033
143.451265,-32.681811,Atriplex_semibaccata,1451536414
139.621389,-34.38,Atriplex_semibaccata,995759813
24.625,-33.625,Atriplex_semibaccata,461654698
139.621389,-34.383333,Atriplex_semibaccata,992253941
138.583056,-34.8375,Atriplex_semibaccata,992381111
24.625,-32.375,Atriplex_semibaccata,461654649
139.613056,-34.64,Atriplex_semibaccata,992249623
152.0758,-26.423546,Atriplex_semibaccata,1651976226
-119.8816,34.4126999991199,Atriplex_semibaccata,2270271260
150.092487,-25.00689,Atriplex_semibaccata,1651976269
139.216667,-35.1,Atriplex_semibaccata,992535630
150.0833,-25,Atriplex_semibaccata,993287981
152.0667,-26.4167,Atriplex_semibaccata,993287960
144.6,-33.7667,Atriplex_semibaccata,993794654
139.6214,-34.3833,Atriplex_semibaccata,993282532
137.733333,-35.05,Atriplex_semibaccata,992349914
14.625,-23.125,Atriplex_semibaccata,461654829
136.266667,-34.483333,Atriplex_semibaccata,992250570
27.125,-28.375,Atriplex_semibaccata,461654729
25.625,-30.625,Atriplex_semibaccata,461654711
150.9,-32.5,Atriplex_semibaccata,995472696
26.125,-30.375,Atriplex_semibaccata,461654624
144.25,-33.67,Atriplex_semibaccata,995759641
145.83,-29.32,Atriplex_semibaccata,995759765
146.07,-29.85,Atriplex_semibaccata,995759771
149.47,-29.13,Atriplex_semibaccata,1937019432
144.251265,-33.665142,Atriplex_semibaccata,1451535788
145.834529,-29.31512,Atriplex_semibaccata,1451535769
146.067865,-29.848452,Atriplex_semibaccata,1451535897
148.17,-23.35,Atriplex_semibaccata,995759846
144.2667,-36.6,Atriplex_semibaccata,995002843
144.8333,-34.4833,Atriplex_semibaccata,994239943
138.500278,-35.078333,Atriplex_semibaccata,992401481
149.467802,-29.131767,Atriplex_semibaccata,1451535796
-96.412222,16.928611,Atriplex_semibaccata,1896078749
146.067905,-33.881792,Atriplex_semibaccata,1451535660
144.5667,-33.1667,Atriplex_semibaccata,993790891
146.07,-33.88,Atriplex_semibaccata,1937159377
-122.0576,37.994468,Atriplex_semibaccata,1265826874
-110.352859,24.156944,Atriplex_semibaccata,1895651315
139.32,-35.58,Atriplex_semibaccata,995759814
139.337768,-35.645113,Atriplex_semibaccata,992226210
137.75,-35.083333,Atriplex_semibaccata,992535753
138.4177,-33.71531,Atriplex_semibaccata,994603170
138.281389,-33.845833,Atriplex_semibaccata,1846489420
147.7,-37.1833,Atriplex_semibaccata,995002794
147.72,-37.2,Atriplex_semibaccata,1936862798
138.3,-33.183333,Atriplex_semibaccata,992226200
26.375,-28.875,Atriplex_semibaccata,461654630
145.2667,-30.9,Atriplex_semibaccata,993185389
138.3,-33.2,Atriplex_semibaccata,994492053
149.22,-30.18,Atriplex_semibaccata,995759763
21.625,-31.875,Atriplex_semibaccata,461654638
149.217814,-30.181767,Atriplex_semibaccata,1451535724
138.783333,-35.516667,Atriplex_semibaccata,992225056
-116.25,31.048143,Atriplex_semibaccata,2270505559
-116.158333,31.208333,Atriplex_semibaccata,1846533643
140.9,-35.266667,Atriplex_semibaccata,992446410
-98.92,19.9,Atriplex_semibaccata,1259338208
-117.118611,32.515833,Atriplex_semibaccata,1896078744
28.375,-26.625,Atriplex_semibaccata,461654596
26.125,-33.625,Atriplex_semibaccata,461654763
143.2167,-34.5833,Atriplex_semibaccata,993290618
147.71783,-29.015111,Atriplex_semibaccata,1451535592
147.72,-29.02,Atriplex_semibaccata,1936924965
25.625,-33.875,Atriplex_semibaccata,461654696
138.55,-35.016667,Atriplex_semibaccata,992249900
140.75,-34,Atriplex_semibaccata,992215932
149.11789,-36.215114,Atriplex_semibaccata,1451454440
149.12,-36.22,Atriplex_semibaccata,995572499
-119.8786,34.40949999912,Atriplex_semibaccata,2270265582
148.12,-30.3,Atriplex_semibaccata,1937211823
148.117833,-30.29844,Atriplex_semibaccata,1451535668
143.25,-32.73,Atriplex_semibaccata,992253676
138.833333,-35.383333,Atriplex_semibaccata,992223362
151.05,-33.85,Atriplex_semibaccata,995759722
138.566667,-34.666667,Atriplex_semibaccata,992350020
26.125,-27.375,Atriplex_semibaccata,461654852
151.051157,-33.848423,Atriplex_semibaccata,1451535947
142.35,-34.75,Atriplex_semibaccata,994851291
139.55,-34.8833,Atriplex_semibaccata,993711757
137.483333,-34.5,Atriplex_semibaccata,992371200
143.467961,-34.948489,Atriplex_semibaccata,1451535705
138.35,-33.816667,Atriplex_semibaccata,992208824
137.709722,-34.348611,Atriplex_semibaccata,992210463
20.375,-28.625,Atriplex_semibaccata,461654724
143.47,-34.95,Atriplex_semibaccata,1937213421
118.487778,-33.555556,Atriplex_semibaccata,996385759
118.4,-33.8833,Atriplex_semibaccata,993266264
141.8333,-36.75,Atriplex_semibaccata,995002820
-116.991667,32.541667,Atriplex_semibaccata,1893414914
145.817882,-31.498454,Atriplex_semibaccata,1451536011
117.4833,-31.6333,Atriplex_semibaccata,994851206
117.481667,-31.644722,Atriplex_semibaccata,996328170
145.82,-31.5,Atriplex_semibaccata,995759758
140.568889,-34.283333,Atriplex_semibaccata,992273879
-116.675,31.708333,Atriplex_semibaccata,1893415021
-109.72,32.83,Atriplex_semibaccata,2270663430
144.2833,-34.6333,Atriplex_semibaccata,993294079
18.375,-33.875,Atriplex_semibaccata,461654681
147.201195,-31.565112,Atriplex_semibaccata,1451535990
20.375,-34.375,Atriplex_semibaccata,461654682
147.2,-31.57,Atriplex_semibaccata,995759776
-117.316667,33.966667,Atriplex_semibaccata,176888688
118.455278,-33.934167,Atriplex_semibaccata,996385701
145.92,-30.07,Atriplex_semibaccata,995759781
145.917869,-30.06512,Atriplex_semibaccata,1451536096
138.498611,-34.848333,Atriplex_semibaccata,992249876
-112.887719,32.921819,Atriplex_semibaccata,1092710609
149.1833,-35.3167,Atriplex_semibaccata,994851237
139.688611,-34.014167,Atriplex_semibaccata,992225284
117.043408,-31.629431,Atriplex_semibaccata,992198755
117,-31.62,Atriplex_semibaccata,1937123602
138.074444,-34.073056,Atriplex_semibaccata,992194202
116.5,-30.2,Atriplex_semibaccata,996385730
142.20129,-34.298517,Atriplex_semibaccata,994240863
138.045833,-34.085,Atriplex_semibaccata,992194172
117.035,-31.625,Atriplex_semibaccata,996385603
138.595266,-34.906782,Atriplex_semibaccata,992205670
149.72,-29.87,Atriplex_semibaccata,1936935753
136.35,-34.116667,Atriplex_semibaccata,992202558
-16.783333,28.366667,Atriplex_semibaccata,2291866487
138.516667,-34.966667,Atriplex_semibaccata,992232837
149.717804,-29.865098,Atriplex_semibaccata,1451535684
138.533333,-34.966667,Atriplex_semibaccata,992232819
138.601351,-34.931881,Atriplex_semibaccata,994224484
142.184623,-34.331846,Atriplex_semibaccata,994240911
-120.0669,34.4631999991193,Atriplex_semibaccata,2270264989
-99.100104125869,19.8069894416115,Atriplex_semibaccata,1895291544
138.524444,-34.604722,Atriplex_semibaccata,992358675
-99.101667,19.797778,Atriplex_semibaccata,2270510716
138.551667,-34.995,Atriplex_semibaccata,992358588
-99.1149445201953,19.8193698210621,Atriplex_semibaccata,1893935979
145.63,-30.88,Atriplex_semibaccata,995759769
145.4,-31.15,Atriplex_semibaccata,993168915
145.634547,-30.881788,Atriplex_semibaccata,1451535855
133.8,-23.416667,Atriplex_semibaccata,1087316624
138.594167,-34.908056,Atriplex_semibaccata,992316971
138.624444,-34.847222,Atriplex_semibaccata,992317074
138.216667,-33.783333,Atriplex_semibaccata,992172177
138.5167,-35.05,Atriplex_semibaccata,994725711
136.1,-34.383333,Atriplex_semibaccata,992446416
27.125,-27.625,Atriplex_semibaccata,461654607
136.133333,-34.366667,Atriplex_semibaccata,992385373
138.516667,-35.05,Atriplex_semibaccata,992180815
-112.77,33.94,Atriplex_semibaccata,2270660328
138.516667,-34.583333,Atriplex_semibaccata,992173159
139.35,-35.05,Atriplex_semibaccata,992179926
141.767981,-34.748519,Atriplex_semibaccata,994240971
-158,21.5,Atriplex_semibaccata,35318149
142.2833,-34.3333,Atriplex_semibaccata,995002811
-112.397849,33.348834,Atriplex_semibaccata,1092710586
138.583333,-34.933333,Atriplex_semibaccata,992222494
148.159497,-29.915107,Atriplex_semibaccata,1451535748
148.158,-29.92,Atriplex_semibaccata,995759764
133.87,-23.7,Atriplex_semibaccata,995759820
148.158333,-29.92,Atriplex_semibaccata,1936989285
138.533333,-34.933333,Atriplex_semibaccata,992222899
137.730833,-35.044444,Atriplex_semibaccata,992175364
-15.416667,28.166667,Atriplex_semibaccata,2288763985
138.6225,-34.688611,Atriplex_semibaccata,992175200
148.67,-33.82,Atriplex_semibaccata,1937186743
145.05,-34.5,Atriplex_semibaccata,993169324
148.667861,-33.815109,Atriplex_semibaccata,1451536330
137.833333,-34.016667,Atriplex_semibaccata,992165907
138.171667,-33.808333,Atriplex_semibaccata,992165193
145.8167,-34.15,Atriplex_semibaccata,993599261
138,-33.866667,Atriplex_semibaccata,992165188
30.625,-28.875,Atriplex_semibaccata,616238986
138,-34,Atriplex_semibaccata,992170650
-99.0748243349856,19.4631165287677,Atriplex_semibaccata,1895291506
-98.7362064822068,20.0869136351734,Atriplex_semibaccata,1893935889
-98.7459297536428,20.0986440645105,Atriplex_semibaccata,1895291560
150.9167,-24.0667,Atriplex_semibaccata,993172067
144.0167,-34.7,Atriplex_semibaccata,995015135
140.833333,-34.033333,Atriplex_semibaccata,992168552
144.0833,-30.6833,Atriplex_semibaccata,993156583
-98.957222,19.274167,Atriplex_semibaccata,1895291481
138.8,-34.45,Atriplex_semibaccata,992172940
-112.24,34.4,Atriplex_semibaccata,2270659344
138.308333,-33.741667,Atriplex_semibaccata,992171970
150.701166,-34.048428,Atriplex_semibaccata,1451604467
150.7,-34.05,Atriplex_semibaccata,995919257
144.333333,-36.5,Atriplex_semibaccata,995503996
144.35,-36.5167,Atriplex_semibaccata,994801333
-112.281,33.867,Atriplex_semibaccata,2270661223
-112.269,33.8533,Atriplex_semibaccata,2270586175
145.7333,-34.5667,Atriplex_semibaccata,993294053
-111.949,33.4581,Atriplex_semibaccata,2270586589
138.583611,-34.748333,Atriplex_semibaccata,992155472
-15.5,28.116667,Atriplex_semibaccata,2288738303
26.625,-30.625,Atriplex_semibaccata,461654652
139,-36,Atriplex_semibaccata,992354976
138.1,-34.1,Atriplex_semibaccata,992138451
138.508611,-35.064167,Atriplex_semibaccata,992138624
138.2464,-34.0762,Atriplex_semibaccata,992138090
151.67,-30.47,Atriplex_semibaccata,995759726
151.667772,-30.465084,Atriplex_semibaccata,1451536005
138.783333,-34.333333,Atriplex_semibaccata,992174332
150.817831,-34.065093,Atriplex_semibaccata,1451535847
150.82,-34.07,Atriplex_semibaccata,995759717
-119.876036777655,34.017295804231,Atriplex_semibaccata,2270266783
150.084153,-24.915224,Atriplex_semibaccata,1651976272
27.625,-29.125,Atriplex_semibaccata,461654636
-62.081111,-30.274167,Atriplex_semibaccata,2248048919
-97.3314066397727,18.4144312502629,Atriplex_semibaccata,1893415011
19.375,-33.625,Atriplex_semibaccata,685191883
138,-33.016667,Atriplex_semibaccata,992446426
17.25,-22.583333,Atriplex_semibaccata,2288090986
142.68,-36.25,Atriplex_semibaccata,996057145
139.266667,-35.116667,Atriplex_semibaccata,992337909
138.5,-35.183333,Atriplex_semibaccata,992145714
144.4333,-37.95,Atriplex_semibaccata,994851281
-111.94,33.42,Atriplex_semibaccata,2270586659
36.35,-0.76666,Atriplex_semibaccata,415951571
-120.867626,35.369088,Atriplex_semibaccata,2270176222
138.679722,-35.594722,Atriplex_semibaccata,992159237
138.6,-34.933333,Atriplex_semibaccata,992114619
17.875,-32.875,Atriplex_semibaccata,461654644
138.5333,-34.9833,Atriplex_semibaccata,994851309
150.72,-34.52,Atriplex_semibaccata,995589285
150.717838,-34.515094,Atriplex_semibaccata,1451464073
138.550278,-34.99,Atriplex_semibaccata,992134525
-112.22929,33.36272,Atriplex_semibaccata,2270589194
150.92,-34,Atriplex_semibaccata,995759709
150.917829,-33.998425,Atriplex_semibaccata,1451535772
-156.6,20.8,Atriplex_semibaccata,1988187373
138.035556,-34.206111,Atriplex_semibaccata,992118811
145.3333,-36.5833,Atriplex_semibaccata,994851259
142.2,-36.7167,Atriplex_semibaccata,994727280
-117.013611,32.461111,Atriplex_semibaccata,1896078756
-117.022129,32.432942,Atriplex_semibaccata,1893935827
152.0333,-28.2167,Atriplex_semibaccata,993134292
31.125,-29.875,Atriplex_semibaccata,461654635
133.9,-23.7,Atriplex_semibaccata,992138047
17.125,-22.625,Atriplex_semibaccata,461654755
-99.076111,19.433889,Atriplex_semibaccata,1895291589
16.625,-23.125,Atriplex_semibaccata,461654767
149.62,-32.42,Atriplex_semibaccata,995589368
138.541111,-34.967222,Atriplex_semibaccata,992111950
149.617831,-32.415099,Atriplex_semibaccata,1451463859
138.9167,-34.35,Atriplex_semibaccata,993290992
138.916667,-34.35,Atriplex_semibaccata,992446413
133.87,-23.65,Atriplex_semibaccata,995759821
-118.490833,33.439167,Atriplex_semibaccata,1896078743
141.084282,-27.581936,Atriplex_semibaccata,1651976267
142.451271,-31.998484,Atriplex_semibaccata,1451536293
142.45,-32,Atriplex_semibaccata,995759850
143.85,-35.8167,Atriplex_semibaccata,994851213
138.6125,-34.876944,Atriplex_semibaccata,992446402
151.616667,-30.5,Atriplex_semibaccata,995508322
116.665,-31.377,Atriplex_semibaccata,996385755
148.82,-36.52,Atriplex_semibaccata,1937248291
148.8179,-36.515117,Atriplex_semibaccata,1451463888
-120.609444,35.293333,Atriplex_semibaccata,1896078739
-119.633716,35.162066,Atriplex_semibaccata,1092710655
152.250808,-28.248542,Atriplex_semibaccata,1651976307
149.1667,-35.3,Atriplex_semibaccata,993219614
149.17,-35.3,Atriplex_semibaccata,996226805
138.5833,-32.7667,Atriplex_semibaccata,994948522
145.6333,-35.3167,Atriplex_semibaccata,994851188
138.6,-32.733333,Atriplex_semibaccata,992397641
144.4333,-37.7,Atriplex_semibaccata,994851257
139.3,-35.5,Atriplex_semibaccata,992113670
115.878056,-29.691389,Atriplex_semibaccata,996385743
138.595556,-34.863056,Atriplex_semibaccata,992133699
118.216667,-32.501389,Atriplex_semibaccata,996385626
-120.866111,35.3213889991096,Atriplex_semibaccata,2270176260
148.084171,-23.248569,Atriplex_semibaccata,1651976253
-117.25139,32.91351,Atriplex_semibaccata,2270176599
148.417507,-24.581899,Atriplex_semibaccata,1651976230
148.58417,-24.415231,Atriplex_semibaccata,1651976259
139.567762,-35.382054,Atriplex_semibaccata,992112153
149.584177,-27.915223,Atriplex_semibaccata,1651976289
139.566667,-35.383333,Atriplex_semibaccata,992130723
139.366667,-35.516667,Atriplex_semibaccata,992103952
140.833333,-34.016667,Atriplex_semibaccata,992309840
151.133333,-29.5,Atriplex_semibaccata,995463362
138.604444,-34.860556,Atriplex_semibaccata,992102450
-121.972778,37.428333,Atriplex_semibaccata,1896078746
151.65,-30.5,Atriplex_semibaccata,995462863
-100.953712899462,22.1792961925334,Atriplex_semibaccata,1893935904
-100.948056,22.183611,Atriplex_semibaccata,1896078759
148.12,-30.02,Atriplex_semibaccata,995604764
148.117832,-30.015107,Atriplex_semibaccata,1451472035
150.87,-32.075,Atriplex_semibaccata,1937141454
150.867809,-32.073424,Atriplex_semibaccata,1451572071
147.7,-32.916667,Atriplex_semibaccata,995462959
147.15,-33.083333,Atriplex_semibaccata,1937309618
151.6667,-30.5333,Atriplex_semibaccata,1937168835
149.2333,-35.35,Atriplex_semibaccata,993754565
139.033333,-35.116667,Atriplex_semibaccata,992094286
139.966667,-34.166667,Atriplex_semibaccata,992094026
146.6667,-32.3167,Atriplex_semibaccata,993340758
-64.179444,-31.426389,Atriplex_semibaccata,2248048508
144.701284,-35.581814,Atriplex_semibaccata,1451581100
144.7,-35.58,Atriplex_semibaccata,1936996178
145.9667,-28.1167,Atriplex_semibaccata,993299579
144.51765,-35.63193,Atriplex_semibaccata,994551647
29.625,-23.625,Atriplex_semibaccata,461654598
152.084128,-25.415214,Atriplex_semibaccata,1651976276
146.1,-30.08,Atriplex_semibaccata,995759780
146.101199,-30.081786,Atriplex_semibaccata,1451535610
25.625,-33.625,Atriplex_semibaccata,461654714
121.63,-32.99,Atriplex_semibaccata,996385569
144.48,-32.9,Atriplex_semibaccata,995759634
150.467817,-32.315094,Atriplex_semibaccata,1451535462
144.484585,-32.898469,Atriplex_semibaccata,1451535644
150.47,-32.32,Atriplex_semibaccata,995759748
146.133333,-30.333333,Atriplex_semibaccata,995462830
144.2167,-35.75,Atriplex_semibaccata,994851290
144.261675,-34.345067,Atriplex_semibaccata,1066914855
-111.980567,33.443879,Atriplex_semibaccata,1846534090
24.375,-31.125,Atriplex_semibaccata,461654671
146.27,-35.32,Atriplex_semibaccata,995759645
146.267921,-35.315131,Atriplex_semibaccata,1451463913
15.125,-26.625,Atriplex_semibaccata,461654592
142.2667,-34.3,Atriplex_semibaccata,995002949
142.1833,-34.3167,Atriplex_semibaccata,995002833
138.533333,-35.116667,Atriplex_semibaccata,992446415
148.142831,-29.84844,Atriplex_semibaccata,1451472186
148.142,-29.85,Atriplex_semibaccata,995604573
148.141667,-29.85,Atriplex_semibaccata,1936823132
147.6167,-37.8333,Atriplex_semibaccata,995009651
-119.4758,34.3822999991203,Atriplex_semibaccata,2270267959
144.95,-35.5333,Atriplex_semibaccata,993182949
144.85,-34.5,Atriplex_semibaccata,994851312
25.625,-32.125,Atriplex_semibaccata,461654702
145.7,-35.4167,Atriplex_semibaccata,993462284
-117.30607,33.06718,Atriplex_semibaccata,2270271844
147.75,-31.75,Atriplex_semibaccata,993592428
28.125,-25.625,Atriplex_semibaccata,461654602
16.375,-24.125,Atriplex_semibaccata,461654588
149.1,-33.27,Atriplex_semibaccata,995759730
150.87,-32.05,Atriplex_semibaccata,995759747
150.867809,-32.048424,Atriplex_semibaccata,1451536451
149.10118,-33.265107,Atriplex_semibaccata,1451536061
147.4333,-31.6833,Atriplex_semibaccata,993188828
-69.250278,-32.408056,Atriplex_semibaccata,2248049488
145.683333,-28.066667,Atriplex_semibaccata,1937288953
-111.343333,26.108333,Atriplex_semibaccata,1896078745
142.367944,-32.465154,Atriplex_semibaccata,1451463916
142.37,-32.47,Atriplex_semibaccata,995588710
141.95,-36.45,Atriplex_semibaccata,995002873
146.551241,-34.748456,Atriplex_semibaccata,1451535503
146.55,-34.75,Atriplex_semibaccata,995759750
151.08,-33.78,Atriplex_semibaccata,995759721
144.2833,-36.75,Atriplex_semibaccata,995003002
24.875,-28.625,Atriplex_semibaccata,461654687
22.125,-33.625,Atriplex_semibaccata,461654658
138.597222,-34.918333,Atriplex_semibaccata,992281912
25.625,-25.875,Atriplex_semibaccata,461654637
26.625,-26.375,Atriplex_semibaccata,461654839
146.917542,-27.24857,Atriplex_semibaccata,1651976287
143.651297,-35.265156,Atriplex_semibaccata,1451455688
26.625,-32.875,Atriplex_semibaccata,461654720
143.5833,-35.35,Atriplex_semibaccata,994851327
143.65,-35.27,Atriplex_semibaccata,995575625
146.6,-27.1333,Atriplex_semibaccata,993224530
24.625,-33.125,Atriplex_semibaccata,461654650
143.42,-35.17,Atriplex_semibaccata,1937270595
145,-37.7833,Atriplex_semibaccata,994110739
143.57,-35.35,Atriplex_semibaccata,995759861
149.651123,-28.431763,Atriplex_semibaccata,1451463896
143.43,-35.17,Atriplex_semibaccata,995759774
143.567966,-35.348491,Atriplex_semibaccata,1451536440
150.5,-24.4167,Atriplex_semibaccata,993211891
150.509145,-24.423557,Atriplex_semibaccata,1651884794
150.5,-24.416667,Atriplex_semibaccata,2288090820
117.59,-31.62,Atriplex_semibaccata,996385721
144.65,-35.9167,Atriplex_semibaccata,993462074
25.125,-31.375,Atriplex_semibaccata,461654651
150.084141,-22.41523,Atriplex_semibaccata,1652025140
-100.693889,25.143333,Atriplex_semibaccata,1896078751
26.375,-30.875,Atriplex_semibaccata,461654665
25.375,-29.625,Atriplex_semibaccata,461654609
150.7333,-34.05,Atriplex_semibaccata,993155366
-63.773333,-32.259444,Atriplex_semibaccata,2248049131
138.6336,-34.9426,Atriplex_semibaccata,992311688
145.0167,-37.8,Atriplex_semibaccata,995021124
138.666667,-35,Atriplex_semibaccata,992311558
144.8833,-37.8667,Atriplex_semibaccata,995029710
140.4167,-34.2833,Atriplex_semibaccata,993754542
145.3667,-34.7667,Atriplex_semibaccata,993137992
145.750896,-28.08191,Atriplex_semibaccata,1651976255
145.6833,-28.0667,Atriplex_semibaccata,993212751
148.5833,-28.05,Atriplex_semibaccata,993310126
151.584146,-27.415213,Atriplex_semibaccata,1651976271
150.084166,-27.248554,Atriplex_semibaccata,1651976262
-101,25.41666,Atriplex_semibaccata,1259340572
149.1,-35.2667,Atriplex_semibaccata,993310596
-111.933,33.3942,Atriplex_semibaccata,2270588148
146.4,-34.55,Atriplex_semibaccata,1937137517
146.401241,-34.548457,Atriplex_semibaccata,1451463901
138.9,-33.4,Atriplex_semibaccata,992311210
138.183333,-32.833333,Atriplex_semibaccata,992266685
150.750829,-28.081883,Atriplex_semibaccata,1651976252
138.75,-35.533333,Atriplex_semibaccata,992311220
148.8667,-28.6333,Atriplex_semibaccata,993310000
144.9,-37.8667,Atriplex_semibaccata,994849366
142.2167,-34.3,Atriplex_semibaccata,994749106
148.8667,-28.2667,Atriplex_semibaccata,993310961
140.75,-34.183333,Atriplex_semibaccata,992446408
150.75,-28.57,Atriplex_semibaccata,995759840
144.267741,-37.882029,Atriplex_semibaccata,992497546
150.75,-28.56666,Atriplex_semibaccata,415951570
150.750832,-28.581883,Atriplex_semibaccata,1652025026
148.417531,-28.581895,Atriplex_semibaccata,1652025089
148.584192,-28.081894,Atriplex_semibaccata,1652025011
148.42,-28.62,Atriplex_semibaccata,995759838
148.750847,-26.581894,Atriplex_semibaccata,1652025050
148.6,-28.12,Atriplex_semibaccata,995759839
148.166667,-28.833333,Atriplex_semibaccata,1087333736
148.250869,-28.91523,Atriplex_semibaccata,1652025099
-112.583,33.3703,Atriplex_semibaccata,2270586932
138.496389,-34.888056,Atriplex_semibaccata,992149138
138.5,-34.9,Atriplex_semibaccata,992149122
144.82,-37.72,Atriplex_semibaccata,995931380
142.1667,-34.1833,Atriplex_semibaccata,993282949
149.82,-26.65,Atriplex_semibaccata,1937354179
138.75,-35.583333,Atriplex_semibaccata,992311611
149.825,-26.641667,Atriplex_semibaccata,1652025047
148,-23.8333,Atriplex_semibaccata,993319383
148.084174,-23.915235,Atriplex_semibaccata,1652024987
138.533333,-34.983333,Atriplex_semibaccata,992284935
148.401169,-30.948438,Atriplex_semibaccata,1451535817
148.4,-30.95,Atriplex_semibaccata,995759767
152.7508,-28.081873,Atriplex_semibaccata,1651976303
145.67,-28.07,Atriplex_semibaccata,1936992486
146.25,-26.4,Atriplex_semibaccata,1937349531
146.250879,-26.41524,Atriplex_semibaccata,1652024986
138.566667,-34.933333,Atriplex_semibaccata,992159281
150.82,-28.27,Atriplex_semibaccata,995545514
148.17,-23.52,Atriplex_semibaccata,995759845
145.4667,-24.4167,Atriplex_semibaccata,993318444
148.084173,-23.581902,Atriplex_semibaccata,1651976273
145.417544,-24.415246,Atriplex_semibaccata,1652034652
150.85,-34.6167,Atriplex_semibaccata,993309467
138.933333,-33.683333,Atriplex_semibaccata,992217481
139.15,-32.983333,Atriplex_semibaccata,992153354
144.851267,-34.498473,Atriplex_semibaccata,1451535721
138.6,-35.6,Atriplex_semibaccata,992311589
138.5,-35.083333,Atriplex_semibaccata,992153067
150.584156,-26.748552,Atriplex_semibaccata,1651976241
148.250867,-28.581896,Atriplex_semibaccata,1651976266
26.375,-32.625,Atriplex_semibaccata,461654640
138.5,-34.85,Atriplex_semibaccata,992149032
151.717766,-29.715086,Atriplex_semibaccata,1451536018
151.72,-29.72,Atriplex_semibaccata,995759727
138.706389,-35.511389,Atriplex_semibaccata,992311251
151.0667,-33.8333,Atriplex_semibaccata,993309655
150.008333,-26.208333,Atriplex_semibaccata,1651976263
-158.267,21.5667,Atriplex_semibaccata,35317932
-116.900427,32.162222,Atriplex_semibaccata,1895651337
-116.916667,32.2,Atriplex_semibaccata,1259339570
-157.717,21.3833,Atriplex_semibaccata,35320563
138.166667,-32.8,Atriplex_semibaccata,992311745
-70.67,-28.58,Atriplex_semibaccata,1228176005
150.92,-31.07,Atriplex_semibaccata,995589329
150.917791,-31.065088,Atriplex_semibaccata,1451464085
-157.65,21.3,Atriplex_semibaccata,35318277
19.375,-34.125,Atriplex_semibaccata,461654641
139.983333,-34.183333,Atriplex_semibaccata,992383619
151.08415,-26.915216,Atriplex_semibaccata,1651976248
139.2,-35.116667,Atriplex_semibaccata,992297816
139.2,-35.1,Atriplex_semibaccata,992153760
116.77,-31.05,Atriplex_semibaccata,992152684
144.4167,-38.0167,Atriplex_semibaccata,994850429
135.166667,-32.85,Atriplex_semibaccata,992329947
146.8833,-37.9333,Atriplex_semibaccata,994850454
138.655556,-34.948889,Atriplex_semibaccata,992311869
149.85,-36.67,Atriplex_semibaccata,995589300
149.851218,-36.665106,Atriplex_semibaccata,1451464078
117.081,-32.545,Atriplex_semibaccata,996385751
139.3,-34.916667,Atriplex_semibaccata,992311768
138.495,-35.078333,Atriplex_semibaccata,992150320
144.1,-38.4667,Atriplex_semibaccata,994850403
138.15,-34.183333,Atriplex_semibaccata,992330000
137.95,-32.566667,Atriplex_semibaccata,992284840
139.355802,-33.885103,Atriplex_semibaccata,992329982
136.07,-35.27,Atriplex_semibaccata,995759815
138.583333,-34.883333,Atriplex_semibaccata,992150534
147.72,-29.27,Atriplex_semibaccata,995759770
147.717833,-29.265111,Atriplex_semibaccata,1451535877
138.483333,-34.833333,Atriplex_semibaccata,992150004
144.3,-32.9,Atriplex_semibaccata,995759639
144.301254,-32.898471,Atriplex_semibaccata,1451535746
144.65,-38.1167,Atriplex_semibaccata,994924315
147.017894,-34.04845,Atriplex_semibaccata,1451536403
146.311799,-29.95782,Atriplex_semibaccata,992446414
147.02,-34.05,Atriplex_semibaccata,995759745
141.451284,-31.965161,Atriplex_semibaccata,1451536311
141.45,-31.97,Atriplex_semibaccata,1937234174
134.883333,-26.283333,Atriplex_semibaccata,992284910
148.16788,-34.915113,Atriplex_semibaccata,1451535538
148.17,-34.92,Atriplex_semibaccata,995759753
22.125,-34.125,Atriplex_semibaccata,461654639
148.917495,-23.581898,Atriplex_semibaccata,1651976260
22.625,-29.625,Atriplex_semibaccata,461654685
138.5,-34.783333,Atriplex_semibaccata,992284881
143.2833,-36.1167,Atriplex_semibaccata,994876779
143.35,-36.2667,Atriplex_semibaccata,994876391
153.084124,-27.415206,Atriplex_semibaccata,1651976274
152.417468,-27.581875,Atriplex_semibaccata,1651976320
138.583333,-34.95,Atriplex_semibaccata,992284859
143.22,-36.07,Atriplex_semibaccata,995759832
143.2167,-36.0833,Atriplex_semibaccata,994876435
151.584136,-25.581883,Atriplex_semibaccata,1651976234
152.96774,-28.798413,Atriplex_semibaccata,1451464065
152.97,-28.8,Atriplex_semibaccata,1936856704
138.35,-33.266667,Atriplex_semibaccata,992284801
150.6,-30.37,Atriplex_semibaccata,995589314
150.601125,-30.365092,Atriplex_semibaccata,1451464080
150.616667,-30.366667,Atriplex_semibaccata,1061556161
-67.583333,-39.033333,Atriplex_semibaccata,1260838505
5.888885,50.920978,Atriplex_semibaccata,616366526
147.47,-34.67,Atriplex_semibaccata,995589396
147.467892,-34.665116,Atriplex_semibaccata,1451463871
151.16781,-32.565087,Atriplex_semibaccata,1451535711
151.17,-32.57,Atriplex_semibaccata,995759706
152.084144,-28.248543,Atriplex_semibaccata,1651976227
148.351207,-34.548445,Atriplex_semibaccata,1451463864
148.35,-34.55,Atriplex_semibaccata,1937297542
149.57,-33.42,Atriplex_semibaccata,995759731
149.567841,-33.415105,Atriplex_semibaccata,1451536087
144.76794,-34.915143,Atriplex_semibaccata,1451463908
144.77,-34.92,Atriplex_semibaccata,1937020481
138.583333,-34.816667,Atriplex_semibaccata,992284879
150.667814,-32.365092,Atriplex_semibaccata,1451464090
150.67,-32.37,Atriplex_semibaccata,1937267663
149.77,-26.65,Atriplex_semibaccata,995759844
150.92,-26.92,Atriplex_semibaccata,995759843
138.5,-34.833333,Atriplex_semibaccata,992325118
138.533333,-34.883333,Atriplex_semibaccata,992355290
121.55,-28.93,Atriplex_semibaccata,994605273
144.8333,-37.8667,Atriplex_semibaccata,994876371
144.7667,-37.8667,Atriplex_semibaccata,994876325
144.5,-37.9667,Atriplex_semibaccata,994876272
146.701196,-31.015115,Atriplex_semibaccata,1451463926
146.7,-31.02,Atriplex_semibaccata,995588836
150.717827,-33.598427,Atriplex_semibaccata,1451535887
150.72,-33.6,Atriplex_semibaccata,995759719
147.9,-42.5,Atriplex_semibaccata,994605171
144.35,-38.17,Atriplex_semibaccata,995759831
144.47,-38.12,Atriplex_semibaccata,995759830
149.4,-32.02,Atriplex_semibaccata,995759746
149.401164,-32.015099,Atriplex_semibaccata,1451536427
149.851163,-32.665099,Atriplex_semibaccata,1451535483
149.85,-32.67,Atriplex_semibaccata,1937033057
-110.95,32.23,Atriplex_semibaccata,2270662356
144.4333,-37.6833,Atriplex_semibaccata,994850137
-65.059722,-30.714167,Atriplex_semibaccata,2248050019
